index,Season,MMWR Startdate,Age Group,Count of Hospitalizations,Pathogen,geo
1780,2020-2021,1/3/2021,0-4,1,COVID-19,7-co
1782,2020-2021,1/3/2021,5-17,7,COVID-19,7-co
1784,2020-2021,1/3/2021,18-49,59,COVID-19,7-co
1786,2020-2021,1/3/2021,50-64,83,COVID-19,7-co
1788,2020-2021,1/3/2021,65+,171,COVID-19,7-co
1790,2020-2021,1/10/2021,0-4,1,COVID-19,7-co
1792,2020-2021,1/10/2021,5-17,3,COVID-19,7-co
1794,2020-2021,1/10/2021,18-49,64,COVID-19,7-co
1796,2020-2021,1/10/2021,50-64,76,COVID-19,7-co
1798,2020-2021,1/10/2021,65+,118,COVID-19,7-co
1800,2020-2021,1/17/2021,0-4,2,COVID-19,7-co
1802,2020-2021,1/17/2021,5-17,9,COVID-19,7-co
1804,2020-2021,1/17/2021,18-49,66,COVID-19,7-co
1806,2020-2021,1/17/2021,50-64,54,COVID-19,7-co
1808,2020-2021,1/17/2021,65+,110,COVID-19,7-co
1810,2020-2021,1/24/2021,0-4,0,COVID-19,7-co
1812,2020-2021,1/24/2021,5-17,8,COVID-19,7-co
1814,2020-2021,1/24/2021,18-49,59,COVID-19,7-co
1816,2020-2021,1/24/2021,50-64,47,COVID-19,7-co
1818,2020-2021,1/24/2021,65+,90,COVID-19,7-co
1820,2020-2021,1/31/2021,0-4,1,COVID-19,7-co
1822,2020-2021,1/31/2021,5-17,6,COVID-19,7-co
1824,2020-2021,1/31/2021,18-49,51,COVID-19,7-co
1826,2020-2021,1/31/2021,50-64,53,COVID-19,7-co
1828,2020-2021,1/31/2021,65+,92,COVID-19,7-co
1830,2020-2021,2/7/2021,0-4,2,COVID-19,7-co
1832,2020-2021,2/7/2021,5-17,5,COVID-19,7-co
1834,2020-2021,2/7/2021,18-49,71,COVID-19,7-co
1836,2020-2021,2/7/2021,50-64,44,COVID-19,7-co
1838,2020-2021,2/7/2021,65+,81,COVID-19,7-co
1840,2020-2021,2/14/2021,0-4,2,COVID-19,7-co
1842,2020-2021,2/14/2021,5-17,8,COVID-19,7-co
1844,2020-2021,2/14/2021,18-49,37,COVID-19,7-co
1846,2020-2021,2/14/2021,50-64,28,COVID-19,7-co
1848,2020-2021,2/14/2021,65+,66,COVID-19,7-co
1850,2020-2021,2/21/2021,0-4,1,COVID-19,7-co
1852,2020-2021,2/21/2021,5-17,5,COVID-19,7-co
1854,2020-2021,2/21/2021,18-49,58,COVID-19,7-co
1856,2020-2021,2/21/2021,50-64,45,COVID-19,7-co
1858,2020-2021,2/21/2021,65+,64,COVID-19,7-co
1860,2020-2021,2/28/2021,0-4,1,COVID-19,7-co
1862,2020-2021,2/28/2021,5-17,1,COVID-19,7-co
1864,2020-2021,2/28/2021,18-49,37,COVID-19,7-co
1866,2020-2021,2/28/2021,50-64,33,COVID-19,7-co
1868,2020-2021,2/28/2021,65+,48,COVID-19,7-co
1870,2020-2021,3/7/2021,0-4,1,COVID-19,7-co
1872,2020-2021,3/7/2021,5-17,2,COVID-19,7-co
1874,2020-2021,3/7/2021,18-49,51,COVID-19,7-co
1876,2020-2021,3/7/2021,50-64,59,COVID-19,7-co
1878,2020-2021,3/7/2021,65+,66,COVID-19,7-co
1880,2020-2021,3/14/2021,0-4,1,COVID-19,7-co
1882,2020-2021,3/14/2021,5-17,5,COVID-19,7-co
1884,2020-2021,3/14/2021,18-49,65,COVID-19,7-co
1886,2020-2021,3/14/2021,50-64,73,COVID-19,7-co
1888,2020-2021,3/14/2021,65+,75,COVID-19,7-co
1890,2020-2021,3/21/2021,0-4,3,COVID-19,7-co
1892,2020-2021,3/21/2021,5-17,6,COVID-19,7-co
1894,2020-2021,3/21/2021,18-49,82,COVID-19,7-co
1896,2020-2021,3/21/2021,50-64,78,COVID-19,7-co
1898,2020-2021,3/21/2021,65+,83,COVID-19,7-co
1900,2020-2021,3/28/2021,0-4,2,COVID-19,7-co
1902,2020-2021,3/28/2021,5-17,3,COVID-19,7-co
1904,2020-2021,3/28/2021,18-49,103,COVID-19,7-co
1906,2020-2021,3/28/2021,50-64,97,COVID-19,7-co
1908,2020-2021,3/28/2021,65+,107,COVID-19,7-co
1910,2020-2021,4/4/2021,0-4,4,COVID-19,7-co
1912,2020-2021,4/4/2021,5-17,3,COVID-19,7-co
1914,2020-2021,4/4/2021,18-49,148,COVID-19,7-co
1916,2020-2021,4/4/2021,50-64,147,COVID-19,7-co
1918,2020-2021,4/4/2021,65+,98,COVID-19,7-co
1920,2020-2021,4/11/2021,0-4,2,COVID-19,7-co
1922,2020-2021,4/11/2021,5-17,7,COVID-19,7-co
1924,2020-2021,4/11/2021,18-49,153,COVID-19,7-co
1926,2020-2021,4/11/2021,50-64,172,COVID-19,7-co
1928,2020-2021,4/11/2021,65+,112,COVID-19,7-co
1930,2020-2021,4/18/2021,0-4,3,COVID-19,7-co
1932,2020-2021,4/18/2021,5-17,11,COVID-19,7-co
1934,2020-2021,4/18/2021,18-49,122,COVID-19,7-co
1936,2020-2021,4/18/2021,50-64,123,COVID-19,7-co
1938,2020-2021,4/18/2021,65+,102,COVID-19,7-co
1940,2020-2021,4/25/2021,0-4,5,COVID-19,7-co
1942,2020-2021,4/25/2021,5-17,10,COVID-19,7-co
1944,2020-2021,4/25/2021,18-49,130,COVID-19,7-co
1946,2020-2021,4/25/2021,50-64,98,COVID-19,7-co
1948,2020-2021,4/25/2021,65+,81,COVID-19,7-co
1950,2020-2021,5/2/2021,0-4,3,COVID-19,7-co
1952,2020-2021,5/2/2021,5-17,6,COVID-19,7-co
1954,2020-2021,5/2/2021,18-49,87,COVID-19,7-co
1956,2020-2021,5/2/2021,50-64,100,COVID-19,7-co
1958,2020-2021,5/2/2021,65+,78,COVID-19,7-co
1960,2020-2021,5/9/2021,0-4,4,COVID-19,7-co
1962,2020-2021,5/9/2021,5-17,3,COVID-19,7-co
1964,2020-2021,5/9/2021,18-49,88,COVID-19,7-co
1966,2020-2021,5/9/2021,50-64,67,COVID-19,7-co
1968,2020-2021,5/9/2021,65+,64,COVID-19,7-co
1970,2020-2021,5/16/2021,0-4,5,COVID-19,7-co
1972,2020-2021,5/16/2021,5-17,5,COVID-19,7-co
1974,2020-2021,5/16/2021,18-49,72,COVID-19,7-co
1976,2020-2021,5/16/2021,50-64,43,COVID-19,7-co
1978,2020-2021,5/16/2021,65+,60,COVID-19,7-co
1980,2020-2021,5/23/2021,0-4,4,COVID-19,7-co
1982,2020-2021,5/23/2021,5-17,6,COVID-19,7-co
1984,2020-2021,5/23/2021,18-49,59,COVID-19,7-co
1986,2020-2021,5/23/2021,50-64,35,COVID-19,7-co
1988,2020-2021,5/23/2021,65+,32,COVID-19,7-co
1990,2020-2021,5/30/2021,0-4,1,COVID-19,7-co
1992,2020-2021,5/30/2021,5-17,5,COVID-19,7-co
1994,2020-2021,5/30/2021,18-49,38,COVID-19,7-co
1996,2020-2021,5/30/2021,50-64,28,COVID-19,7-co
1998,2020-2021,5/30/2021,65+,27,COVID-19,7-co
2000,2020-2021,6/6/2021,0-4,3,COVID-19,7-co
2002,2020-2021,6/6/2021,5-17,4,COVID-19,7-co
2004,2020-2021,6/6/2021,18-49,30,COVID-19,7-co
2006,2020-2021,6/6/2021,50-64,25,COVID-19,7-co
2008,2020-2021,6/6/2021,65+,21,COVID-19,7-co
2010,2020-2021,6/13/2021,0-4,2,COVID-19,7-co
2012,2020-2021,6/13/2021,5-17,2,COVID-19,7-co
2014,2020-2021,6/13/2021,18-49,28,COVID-19,7-co
2016,2020-2021,6/13/2021,50-64,10,COVID-19,7-co
2018,2020-2021,6/13/2021,65+,12,COVID-19,7-co
2020,2020-2021,6/20/2021,0-4,1,COVID-19,7-co
2022,2020-2021,6/20/2021,5-17,1,COVID-19,7-co
2024,2020-2021,6/20/2021,18-49,29,COVID-19,7-co
2026,2020-2021,6/20/2021,50-64,15,COVID-19,7-co
2028,2020-2021,6/20/2021,65+,12,COVID-19,7-co
2030,2020-2021,6/27/2021,0-4,2,COVID-19,7-co
2032,2020-2021,6/27/2021,5-17,2,COVID-19,7-co
2034,2020-2021,6/27/2021,18-49,28,COVID-19,7-co
2036,2020-2021,6/27/2021,50-64,16,COVID-19,7-co
2038,2020-2021,6/27/2021,65+,11,COVID-19,7-co
2040,2020-2021,7/4/2021,0-4,7,COVID-19,7-co
2042,2020-2021,7/4/2021,5-17,4,COVID-19,7-co
2044,2020-2021,7/4/2021,18-49,29,COVID-19,7-co
2046,2020-2021,7/4/2021,50-64,12,COVID-19,7-co
2048,2020-2021,7/4/2021,65+,15,COVID-19,7-co
2050,2020-2021,7/11/2021,0-4,1,COVID-19,7-co
2052,2020-2021,7/11/2021,5-17,3,COVID-19,7-co
2054,2020-2021,7/11/2021,18-49,23,COVID-19,7-co
2056,2020-2021,7/11/2021,50-64,13,COVID-19,7-co
2058,2020-2021,7/11/2021,65+,16,COVID-19,7-co
2060,2020-2021,7/18/2021,0-4,1,COVID-19,7-co
2062,2020-2021,7/18/2021,5-17,3,COVID-19,7-co
2064,2020-2021,7/18/2021,18-49,41,COVID-19,7-co
2066,2020-2021,7/18/2021,50-64,28,COVID-19,7-co
2068,2020-2021,7/18/2021,65+,37,COVID-19,7-co
2070,2020-2021,7/25/2021,0-4,2,COVID-19,7-co
2072,2020-2021,7/25/2021,5-17,1,COVID-19,7-co
2074,2020-2021,7/25/2021,18-49,40,COVID-19,7-co
2076,2020-2021,7/25/2021,50-64,36,COVID-19,7-co
2078,2020-2021,7/25/2021,65+,30,COVID-19,7-co
2080,2020-2021,8/1/2021,0-4,3,COVID-19,7-co
2082,2020-2021,8/1/2021,5-17,5,COVID-19,7-co
2084,2020-2021,8/1/2021,18-49,72,COVID-19,7-co
2086,2020-2021,8/1/2021,50-64,42,COVID-19,7-co
2088,2020-2021,8/1/2021,65+,48,COVID-19,7-co
2090,2020-2021,8/8/2021,0-4,2,COVID-19,7-co
2092,2020-2021,8/8/2021,5-17,4,COVID-19,7-co
2094,2020-2021,8/8/2021,18-49,86,COVID-19,7-co
2096,2020-2021,8/8/2021,50-64,56,COVID-19,7-co
2098,2020-2021,8/8/2021,65+,61,COVID-19,7-co
2100,2020-2021,8/15/2021,0-4,2,COVID-19,7-co
2102,2020-2021,8/15/2021,5-17,4,COVID-19,7-co
2104,2020-2021,8/15/2021,18-49,100,COVID-19,7-co
2106,2020-2021,8/15/2021,50-64,70,COVID-19,7-co
2108,2020-2021,8/15/2021,65+,105,COVID-19,7-co
2110,2020-2021,8/22/2021,0-4,6,COVID-19,7-co
2112,2020-2021,8/22/2021,5-17,7,COVID-19,7-co
2114,2020-2021,8/22/2021,18-49,98,COVID-19,7-co
2116,2020-2021,8/22/2021,50-64,65,COVID-19,7-co
2118,2020-2021,8/22/2021,65+,115,COVID-19,7-co
2120,2020-2021,8/29/2021,0-4,3,COVID-19,7-co
2122,2020-2021,8/29/2021,5-17,5,COVID-19,7-co
2124,2020-2021,8/29/2021,18-49,91,COVID-19,7-co
2126,2020-2021,8/29/2021,50-64,61,COVID-19,7-co
2128,2020-2021,8/29/2021,65+,96,COVID-19,7-co
2130,2020-2021,9/5/2021,0-4,4,COVID-19,7-co
2132,2020-2021,9/5/2021,5-17,8,COVID-19,7-co
2134,2020-2021,9/5/2021,18-49,93,COVID-19,7-co
2136,2020-2021,9/5/2021,50-64,91,COVID-19,7-co
2138,2020-2021,9/5/2021,65+,107,COVID-19,7-co
2140,2020-2021,9/12/2021,0-4,4,COVID-19,7-co
2142,2020-2021,9/12/2021,5-17,4,COVID-19,7-co
2144,2020-2021,9/12/2021,18-49,102,COVID-19,7-co
2146,2020-2021,9/12/2021,50-64,68,COVID-19,7-co
2148,2020-2021,9/12/2021,65+,117,COVID-19,7-co
2150,2020-2021,9/19/2021,0-4,5,COVID-19,7-co
2152,2020-2021,9/19/2021,5-17,7,COVID-19,7-co
2154,2020-2021,9/19/2021,18-49,87,COVID-19,7-co
2156,2020-2021,9/19/2021,50-64,81,COVID-19,7-co
2158,2020-2021,9/19/2021,65+,119,COVID-19,7-co
2160,2020-2021,9/26/2021,0-4,2,COVID-19,7-co
2162,2020-2021,9/26/2021,5-17,11,COVID-19,7-co
2164,2020-2021,9/26/2021,18-49,79,COVID-19,7-co
2166,2020-2021,9/26/2021,50-64,76,COVID-19,7-co
2168,2020-2021,9/26/2021,65+,134,COVID-19,7-co
2170,2021-2022,10/3/2021,0-4,5,COVID-19,7-co
2172,2021-2022,10/3/2021,5-17,4,COVID-19,7-co
2174,2021-2022,10/3/2021,18-49,88,COVID-19,7-co
2176,2021-2022,10/3/2021,50-64,76,COVID-19,7-co
2178,2021-2022,10/3/2021,65+,133,COVID-19,7-co
2180,2021-2022,10/10/2021,0-4,5,COVID-19,7-co
2182,2021-2022,10/10/2021,5-17,6,COVID-19,7-co
2184,2021-2022,10/10/2021,18-49,88,COVID-19,7-co
2186,2021-2022,10/10/2021,50-64,97,COVID-19,7-co
2188,2021-2022,10/10/2021,65+,129,COVID-19,7-co
2190,2021-2022,10/17/2021,0-4,7,COVID-19,7-co
2192,2021-2022,10/17/2021,5-17,6,COVID-19,7-co
2194,2021-2022,10/17/2021,18-49,73,COVID-19,7-co
2196,2021-2022,10/17/2021,50-64,65,COVID-19,7-co
2198,2021-2022,10/17/2021,65+,113,COVID-19,7-co
2200,2021-2022,10/24/2021,0-4,3,COVID-19,7-co
2202,2021-2022,10/24/2021,5-17,5,COVID-19,7-co
2204,2021-2022,10/24/2021,18-49,82,COVID-19,7-co
2206,2021-2022,10/24/2021,50-64,81,COVID-19,7-co
2208,2021-2022,10/24/2021,65+,147,COVID-19,7-co
2210,2021-2022,10/31/2021,0-4,5,COVID-19,7-co
2212,2021-2022,10/31/2021,5-17,8,COVID-19,7-co
2214,2021-2022,10/31/2021,18-49,91,COVID-19,7-co
2216,2021-2022,10/31/2021,50-64,101,COVID-19,7-co
2218,2021-2022,10/31/2021,65+,182,COVID-19,7-co
2220,2021-2022,11/7/2021,0-4,8,COVID-19,7-co
2222,2021-2022,11/7/2021,5-17,6,COVID-19,7-co
2224,2021-2022,11/7/2021,18-49,148,COVID-19,7-co
2226,2021-2022,11/7/2021,50-64,159,COVID-19,7-co
2228,2021-2022,11/7/2021,65+,266,COVID-19,7-co
2230,2021-2022,11/14/2021,0-4,6,COVID-19,7-co
2232,2021-2022,11/14/2021,5-17,13,COVID-19,7-co
2234,2021-2022,11/14/2021,18-49,151,COVID-19,7-co
2236,2021-2022,11/14/2021,50-64,157,COVID-19,7-co
2238,2021-2022,11/14/2021,65+,218,COVID-19,7-co
2240,2021-2022,11/21/2021,0-4,13,COVID-19,7-co
2242,2021-2022,11/21/2021,5-17,8,COVID-19,7-co
2244,2021-2022,11/21/2021,18-49,146,COVID-19,7-co
2246,2021-2022,11/21/2021,50-64,170,COVID-19,7-co
2248,2021-2022,11/21/2021,65+,244,COVID-19,7-co
2250,2021-2022,11/28/2021,0-4,7,COVID-19,7-co
2252,2021-2022,11/28/2021,5-17,16,COVID-19,7-co
2254,2021-2022,11/28/2021,18-49,178,COVID-19,7-co
2256,2021-2022,11/28/2021,50-64,205,COVID-19,7-co
2258,2021-2022,11/28/2021,65+,275,COVID-19,7-co
2260,2021-2022,12/5/2021,0-4,12,COVID-19,7-co
2262,2021-2022,12/5/2021,5-17,1,COVID-19,7-co
2264,2021-2022,12/5/2021,18-49,203,COVID-19,7-co
2266,2021-2022,12/5/2021,50-64,214,COVID-19,7-co
2268,2021-2022,12/5/2021,65+,256,COVID-19,7-co
2270,2021-2022,12/12/2021,0-4,9,COVID-19,7-co
2272,2021-2022,12/12/2021,5-17,7,COVID-19,7-co
2274,2021-2022,12/12/2021,18-49,162,COVID-19,7-co
2276,2021-2022,12/12/2021,50-64,160,COVID-19,7-co
2278,2021-2022,12/12/2021,65+,196,COVID-19,7-co
2280,2021-2022,12/19/2021,0-4,8,COVID-19,7-co
2282,2021-2022,12/19/2021,5-17,4,COVID-19,7-co
2284,2021-2022,12/19/2021,18-49,152,COVID-19,7-co
2286,2021-2022,12/19/2021,50-64,153,COVID-19,7-co
2288,2021-2022,12/19/2021,65+,176,COVID-19,7-co
2290,2021-2022,12/26/2021,0-4,11,COVID-19,7-co
2292,2021-2022,12/26/2021,5-17,14,COVID-19,7-co
2294,2021-2022,12/26/2021,18-49,168,COVID-19,7-co
2296,2021-2022,12/26/2021,50-64,108,COVID-19,7-co
2298,2021-2022,12/26/2021,65+,204,COVID-19,7-co
2300,2021-2022,1/2/2022,0-4,30,COVID-19,7-co
2302,2021-2022,1/2/2022,5-17,22,COVID-19,7-co
2304,2021-2022,1/2/2022,18-49,273,COVID-19,7-co
2306,2021-2022,1/2/2022,50-64,198,COVID-19,7-co
2308,2021-2022,1/2/2022,65+,286,COVID-19,7-co
2310,2021-2022,1/9/2022,0-4,27,COVID-19,7-co
2312,2021-2022,1/9/2022,5-17,22,COVID-19,7-co
2314,2021-2022,1/9/2022,18-49,298,COVID-19,7-co
2316,2021-2022,1/9/2022,50-64,190,COVID-19,7-co
2318,2021-2022,1/9/2022,65+,341,COVID-19,7-co
2320,2021-2022,1/16/2022,0-4,22,COVID-19,7-co
2322,2021-2022,1/16/2022,5-17,34,COVID-19,7-co
2324,2021-2022,1/16/2022,18-49,241,COVID-19,7-co
2326,2021-2022,1/16/2022,50-64,181,COVID-19,7-co
2328,2021-2022,1/16/2022,65+,316,COVID-19,7-co
2330,2021-2022,1/23/2022,0-4,14,COVID-19,7-co
2332,2021-2022,1/23/2022,5-17,20,COVID-19,7-co
2334,2021-2022,1/23/2022,18-49,192,COVID-19,7-co
2336,2021-2022,1/23/2022,50-64,165,COVID-19,7-co
2338,2021-2022,1/23/2022,65+,246,COVID-19,7-co
2340,2021-2022,1/30/2022,0-4,16,COVID-19,7-co
2342,2021-2022,1/30/2022,5-17,14,COVID-19,7-co
2344,2021-2022,1/30/2022,18-49,130,COVID-19,7-co
2346,2021-2022,1/30/2022,50-64,96,COVID-19,7-co
2348,2021-2022,1/30/2022,65+,180,COVID-19,7-co
2350,2021-2022,2/6/2022,0-4,8,COVID-19,7-co
2352,2021-2022,2/6/2022,5-17,10,COVID-19,7-co
2354,2021-2022,2/6/2022,18-49,120,COVID-19,7-co
2356,2021-2022,2/6/2022,50-64,64,COVID-19,7-co
2358,2021-2022,2/6/2022,65+,134,COVID-19,7-co
2360,2021-2022,2/13/2022,0-4,4,COVID-19,7-co
2362,2021-2022,2/13/2022,5-17,10,COVID-19,7-co
2364,2021-2022,2/13/2022,18-49,64,COVID-19,7-co
2366,2021-2022,2/13/2022,50-64,56,COVID-19,7-co
2368,2021-2022,2/13/2022,65+,91,COVID-19,7-co
2370,2021-2022,2/20/2022,0-4,10,COVID-19,7-co
2372,2021-2022,2/20/2022,5-17,6,COVID-19,7-co
2374,2021-2022,2/20/2022,18-49,63,COVID-19,7-co
2376,2021-2022,2/20/2022,50-64,42,COVID-19,7-co
2378,2021-2022,2/20/2022,65+,78,COVID-19,7-co
2380,2021-2022,2/27/2022,0-4,5,COVID-19,7-co
2382,2021-2022,2/27/2022,5-17,8,COVID-19,7-co
2384,2021-2022,2/27/2022,18-49,39,COVID-19,7-co
2386,2021-2022,2/27/2022,50-64,27,COVID-19,7-co
2388,2021-2022,2/27/2022,65+,69,COVID-19,7-co
2390,2021-2022,3/6/2022,0-4,4,COVID-19,7-co
2392,2021-2022,3/6/2022,5-17,4,COVID-19,7-co
2394,2021-2022,3/6/2022,18-49,42,COVID-19,7-co
2396,2021-2022,3/6/2022,50-64,21,COVID-19,7-co
2398,2021-2022,3/6/2022,65+,53,COVID-19,7-co
2400,2021-2022,3/13/2022,0-4,4,COVID-19,7-co
2402,2021-2022,3/13/2022,5-17,7,COVID-19,7-co
2404,2021-2022,3/13/2022,18-49,27,COVID-19,7-co
2406,2021-2022,3/13/2022,50-64,16,COVID-19,7-co
2408,2021-2022,3/13/2022,65+,45,COVID-19,7-co
2410,2021-2022,3/20/2022,0-4,3,COVID-19,7-co
2412,2021-2022,3/20/2022,5-17,2,COVID-19,7-co
2414,2021-2022,3/20/2022,18-49,39,COVID-19,7-co
2416,2021-2022,3/20/2022,50-64,28,COVID-19,7-co
2418,2021-2022,3/20/2022,65+,41,COVID-19,7-co
2420,2021-2022,3/27/2022,0-4,2,COVID-19,7-co
2422,2021-2022,3/27/2022,5-17,3,COVID-19,7-co
2424,2021-2022,3/27/2022,18-49,32,COVID-19,7-co
2426,2021-2022,3/27/2022,50-64,21,COVID-19,7-co
2428,2021-2022,3/27/2022,65+,39,COVID-19,7-co
2430,2021-2022,4/3/2022,0-4,3,COVID-19,7-co
2432,2021-2022,4/3/2022,5-17,1,COVID-19,7-co
2434,2021-2022,4/3/2022,18-49,32,COVID-19,7-co
2436,2021-2022,4/3/2022,50-64,19,COVID-19,7-co
2438,2021-2022,4/3/2022,65+,42,COVID-19,7-co
2440,2021-2022,4/10/2022,0-4,3,COVID-19,7-co
2442,2021-2022,4/10/2022,5-17,4,COVID-19,7-co
2444,2021-2022,4/10/2022,18-49,29,COVID-19,7-co
2446,2021-2022,4/10/2022,50-64,20,COVID-19,7-co
2448,2021-2022,4/10/2022,65+,54,COVID-19,7-co
2450,2021-2022,4/17/2022,0-4,4,COVID-19,7-co
2452,2021-2022,4/17/2022,5-17,4,COVID-19,7-co
2454,2021-2022,4/17/2022,18-49,45,COVID-19,7-co
2456,2021-2022,4/17/2022,50-64,24,COVID-19,7-co
2458,2021-2022,4/17/2022,65+,75,COVID-19,7-co
2460,2021-2022,4/24/2022,0-4,5,COVID-19,7-co
2462,2021-2022,4/24/2022,5-17,7,COVID-19,7-co
2464,2021-2022,4/24/2022,18-49,57,COVID-19,7-co
2466,2021-2022,4/24/2022,50-64,35,COVID-19,7-co
2468,2021-2022,4/24/2022,65+,96,COVID-19,7-co
2470,2021-2022,5/1/2022,0-4,4,COVID-19,7-co
2472,2021-2022,5/1/2022,5-17,4,COVID-19,7-co
2474,2021-2022,5/1/2022,18-49,71,COVID-19,7-co
2476,2021-2022,5/1/2022,50-64,45,COVID-19,7-co
2478,2021-2022,5/1/2022,65+,124,COVID-19,7-co
2480,2021-2022,5/8/2022,0-4,2,COVID-19,7-co
2482,2021-2022,5/8/2022,5-17,7,COVID-19,7-co
2484,2021-2022,5/8/2022,18-49,80,COVID-19,7-co
2486,2021-2022,5/8/2022,50-64,45,COVID-19,7-co
2488,2021-2022,5/8/2022,65+,179,COVID-19,7-co
2490,2021-2022,5/15/2022,0-4,6,COVID-19,7-co
2492,2021-2022,5/15/2022,5-17,6,COVID-19,7-co
2494,2021-2022,5/15/2022,18-49,102,COVID-19,7-co
2496,2021-2022,5/15/2022,50-64,39,COVID-19,7-co
2498,2021-2022,5/15/2022,65+,133,COVID-19,7-co
2500,2021-2022,5/22/2022,0-4,4,COVID-19,7-co
2502,2021-2022,5/22/2022,5-17,7,COVID-19,7-co
2504,2021-2022,5/22/2022,18-49,74,COVID-19,7-co
2506,2021-2022,5/22/2022,50-64,44,COVID-19,7-co
2508,2021-2022,5/22/2022,65+,123,COVID-19,7-co
2510,2021-2022,5/29/2022,0-4,7,COVID-19,7-co
2512,2021-2022,5/29/2022,5-17,5,COVID-19,7-co
2514,2021-2022,5/29/2022,18-49,61,COVID-19,7-co
2516,2021-2022,5/29/2022,50-64,39,COVID-19,7-co
2518,2021-2022,5/29/2022,65+,150,COVID-19,7-co
2520,2021-2022,6/5/2022,0-4,8,COVID-19,7-co
2522,2021-2022,6/5/2022,5-17,15,COVID-19,7-co
2524,2021-2022,6/5/2022,18-49,65,COVID-19,7-co
2526,2021-2022,6/5/2022,50-64,38,COVID-19,7-co
2528,2021-2022,6/5/2022,65+,159,COVID-19,7-co
2530,2021-2022,6/12/2022,0-4,9,COVID-19,7-co
2532,2021-2022,6/12/2022,5-17,5,COVID-19,7-co
2534,2021-2022,6/12/2022,18-49,79,COVID-19,7-co
2536,2021-2022,6/12/2022,50-64,46,COVID-19,7-co
2538,2021-2022,6/12/2022,65+,98,COVID-19,7-co
2540,2021-2022,6/19/2022,0-4,9,COVID-19,7-co
2542,2021-2022,6/19/2022,5-17,8,COVID-19,7-co
2544,2021-2022,6/19/2022,18-49,78,COVID-19,7-co
2546,2021-2022,6/19/2022,50-64,42,COVID-19,7-co
2548,2021-2022,6/19/2022,65+,126,COVID-19,7-co
2550,2021-2022,6/26/2022,0-4,6,COVID-19,7-co
2552,2021-2022,6/26/2022,5-17,11,COVID-19,7-co
2554,2021-2022,6/26/2022,18-49,74,COVID-19,7-co
2556,2021-2022,6/26/2022,50-64,52,COVID-19,7-co
2558,2021-2022,6/26/2022,65+,138,COVID-19,7-co
2560,2021-2022,7/3/2022,0-4,12,COVID-19,7-co
2562,2021-2022,7/3/2022,5-17,6,COVID-19,7-co
2564,2021-2022,7/3/2022,18-49,89,COVID-19,7-co
2566,2021-2022,7/3/2022,50-64,53,COVID-19,7-co
2568,2021-2022,7/3/2022,65+,137,COVID-19,7-co
2570,2021-2022,7/10/2022,0-4,5,COVID-19,7-co
2572,2021-2022,7/10/2022,5-17,7,COVID-19,7-co
2574,2021-2022,7/10/2022,18-49,96,COVID-19,7-co
2576,2021-2022,7/10/2022,50-64,61,COVID-19,7-co
2578,2021-2022,7/10/2022,65+,141,COVID-19,7-co
2580,2021-2022,7/17/2022,0-4,13,COVID-19,7-co
2582,2021-2022,7/17/2022,5-17,7,COVID-19,7-co
2584,2021-2022,7/17/2022,18-49,77,COVID-19,7-co
2586,2021-2022,7/17/2022,50-64,56,COVID-19,7-co
2588,2021-2022,7/17/2022,65+,139,COVID-19,7-co
2590,2021-2022,7/24/2022,0-4,4,COVID-19,7-co
2592,2021-2022,7/24/2022,5-17,10,COVID-19,7-co
2594,2021-2022,7/24/2022,18-49,112,COVID-19,7-co
2596,2021-2022,7/24/2022,50-64,55,COVID-19,7-co
2598,2021-2022,7/24/2022,65+,144,COVID-19,7-co
2600,2021-2022,7/31/2022,0-4,9,COVID-19,7-co
2602,2021-2022,7/31/2022,5-17,8,COVID-19,7-co
2604,2021-2022,7/31/2022,18-49,70,COVID-19,7-co
2606,2021-2022,7/31/2022,50-64,57,COVID-19,7-co
2608,2021-2022,7/31/2022,65+,145,COVID-19,7-co
2610,2021-2022,8/7/2022,0-4,13,COVID-19,7-co
2612,2021-2022,8/7/2022,5-17,5,COVID-19,7-co
2614,2021-2022,8/7/2022,18-49,111,COVID-19,7-co
2616,2021-2022,8/7/2022,50-64,56,COVID-19,7-co
2618,2021-2022,8/7/2022,65+,147,COVID-19,7-co
2620,2021-2022,8/14/2022,0-4,8,COVID-19,7-co
2622,2021-2022,8/14/2022,5-17,4,COVID-19,7-co
2624,2021-2022,8/14/2022,18-49,105,COVID-19,7-co
2626,2021-2022,8/14/2022,50-64,44,COVID-19,7-co
2628,2021-2022,8/14/2022,65+,162,COVID-19,7-co
2630,2021-2022,8/21/2022,0-4,8,COVID-19,7-co
2632,2021-2022,8/21/2022,5-17,7,COVID-19,7-co
2634,2021-2022,8/21/2022,18-49,90,COVID-19,7-co
2636,2021-2022,8/21/2022,50-64,64,COVID-19,7-co
2638,2021-2022,8/21/2022,65+,149,COVID-19,7-co
2640,2021-2022,8/28/2022,0-4,9,COVID-19,7-co
2642,2021-2022,8/28/2022,5-17,7,COVID-19,7-co
2644,2021-2022,8/28/2022,18-49,70,COVID-19,7-co
2646,2021-2022,8/28/2022,50-64,49,COVID-19,7-co
2648,2021-2022,8/28/2022,65+,146,COVID-19,7-co
2650,2021-2022,9/4/2022,0-4,5,COVID-19,7-co
2652,2021-2022,9/4/2022,5-17,8,COVID-19,7-co
2654,2021-2022,9/4/2022,18-49,63,COVID-19,7-co
2656,2021-2022,9/4/2022,50-64,45,COVID-19,7-co
2658,2021-2022,9/4/2022,65+,162,COVID-19,7-co
2660,2021-2022,9/11/2022,0-4,6,COVID-19,7-co
2662,2021-2022,9/11/2022,5-17,6,COVID-19,7-co
2664,2021-2022,9/11/2022,18-49,71,COVID-19,7-co
2666,2021-2022,9/11/2022,50-64,48,COVID-19,7-co
2668,2021-2022,9/11/2022,65+,161,COVID-19,7-co
2670,2021-2022,9/18/2022,0-4,7,COVID-19,7-co
2672,2021-2022,9/18/2022,5-17,8,COVID-19,7-co
2674,2021-2022,9/18/2022,18-49,89,COVID-19,7-co
2676,2021-2022,9/18/2022,50-64,32,COVID-19,7-co
2678,2021-2022,9/18/2022,65+,128,COVID-19,7-co
2680,2021-2022,9/25/2022,0-4,12,COVID-19,7-co
2682,2021-2022,9/25/2022,5-17,7,COVID-19,7-co
2684,2021-2022,9/25/2022,18-49,70,COVID-19,7-co
2686,2021-2022,9/25/2022,50-64,35,COVID-19,7-co
2688,2021-2022,9/25/2022,65+,151,COVID-19,7-co
2690,2022-2023,10/2/2022,0-4,8,COVID-19,7-co
2692,2022-2023,10/2/2022,5-17,5,COVID-19,7-co
2694,2022-2023,10/2/2022,18-49,66,COVID-19,7-co
2696,2022-2023,10/2/2022,50-64,43,COVID-19,7-co
2698,2022-2023,10/2/2022,65+,146,COVID-19,7-co
2700,2022-2023,10/9/2022,0-4,5,COVID-19,7-co
2702,2022-2023,10/9/2022,5-17,3,COVID-19,7-co
2704,2022-2023,10/9/2022,18-49,55,COVID-19,7-co
2706,2022-2023,10/9/2022,50-64,43,COVID-19,7-co
2708,2022-2023,10/9/2022,65+,134,COVID-19,7-co
2710,2022-2023,10/16/2022,0-4,5,COVID-19,7-co
2712,2022-2023,10/16/2022,5-17,3,COVID-19,7-co
2714,2022-2023,10/16/2022,18-49,59,COVID-19,7-co
2716,2022-2023,10/16/2022,50-64,59,COVID-19,7-co
2718,2022-2023,10/16/2022,65+,188,COVID-19,7-co
2720,2022-2023,10/23/2022,0-4,3,COVID-19,7-co
2722,2022-2023,10/23/2022,5-17,4,COVID-19,7-co
2724,2022-2023,10/23/2022,18-49,46,COVID-19,7-co
2726,2022-2023,10/23/2022,50-64,51,COVID-19,7-co
2728,2022-2023,10/23/2022,65+,177,COVID-19,7-co
2730,2022-2023,10/30/2022,0-4,3,COVID-19,7-co
2732,2022-2023,10/30/2022,5-17,1,COVID-19,7-co
2734,2022-2023,10/30/2022,18-49,75,COVID-19,7-co
2736,2022-2023,10/30/2022,50-64,45,COVID-19,7-co
2738,2022-2023,10/30/2022,65+,183,COVID-19,7-co
2740,2022-2023,11/6/2022,0-4,6,COVID-19,7-co
2742,2022-2023,11/6/2022,5-17,2,COVID-19,7-co
2744,2022-2023,11/6/2022,18-49,79,COVID-19,7-co
2746,2022-2023,11/6/2022,50-64,62,COVID-19,7-co
2748,2022-2023,11/6/2022,65+,168,COVID-19,7-co
2750,2022-2023,11/13/2022,0-4,8,COVID-19,7-co
2752,2022-2023,11/13/2022,5-17,4,COVID-19,7-co
2754,2022-2023,11/13/2022,18-49,68,COVID-19,7-co
2756,2022-2023,11/13/2022,50-64,50,COVID-19,7-co
2758,2022-2023,11/13/2022,65+,207,COVID-19,7-co
2760,2022-2023,11/20/2022,0-4,13,COVID-19,7-co
2762,2022-2023,11/20/2022,5-17,4,COVID-19,7-co
2764,2022-2023,11/20/2022,18-49,67,COVID-19,7-co
2766,2022-2023,11/20/2022,50-64,55,COVID-19,7-co
2768,2022-2023,11/20/2022,65+,207,COVID-19,7-co
2770,2022-2023,11/27/2022,0-4,11,COVID-19,7-co
2772,2022-2023,11/27/2022,5-17,3,COVID-19,7-co
2774,2022-2023,11/27/2022,18-49,87,COVID-19,7-co
2776,2022-2023,11/27/2022,50-64,58,COVID-19,7-co
2778,2022-2023,11/27/2022,65+,233,COVID-19,7-co
2780,2022-2023,12/4/2022,0-4,9,COVID-19,7-co
2782,2022-2023,12/4/2022,5-17,4,COVID-19,7-co
2784,2022-2023,12/4/2022,18-49,70,COVID-19,7-co
2786,2022-2023,12/4/2022,50-64,69,COVID-19,7-co
2788,2022-2023,12/4/2022,65+,218,COVID-19,7-co
2790,2022-2023,12/11/2022,0-4,5,COVID-19,7-co
2792,2022-2023,12/11/2022,5-17,4,COVID-19,7-co
2794,2022-2023,12/11/2022,18-49,80,COVID-19,7-co
2796,2022-2023,12/11/2022,50-64,55,COVID-19,7-co
2798,2022-2023,12/11/2022,65+,209,COVID-19,7-co
2800,2022-2023,12/18/2022,0-4,5,COVID-19,7-co
2802,2022-2023,12/18/2022,5-17,0,COVID-19,7-co
2804,2022-2023,12/18/2022,18-49,71,COVID-19,7-co
2806,2022-2023,12/18/2022,50-64,68,COVID-19,7-co
2808,2022-2023,12/18/2022,65+,215,COVID-19,7-co
2810,2022-2023,12/25/2022,0-4,4,COVID-19,7-co
2812,2022-2023,12/25/2022,5-17,4,COVID-19,7-co
2814,2022-2023,12/25/2022,18-49,89,COVID-19,7-co
2816,2022-2023,12/25/2022,50-64,52,COVID-19,7-co
2818,2022-2023,12/25/2022,65+,227,COVID-19,7-co
2820,2022-2023,1/1/2023,0-4,8,COVID-19,7-co
2822,2022-2023,1/1/2023,5-17,5,COVID-19,7-co
2824,2022-2023,1/1/2023,18-49,59,COVID-19,7-co
2826,2022-2023,1/1/2023,50-64,60,COVID-19,7-co
2828,2022-2023,1/1/2023,65+,188,COVID-19,7-co
2830,2022-2023,1/8/2023,0-4,3,COVID-19,7-co
2832,2022-2023,1/8/2023,5-17,4,COVID-19,7-co
2834,2022-2023,1/8/2023,18-49,51,COVID-19,7-co
2836,2022-2023,1/8/2023,50-64,37,COVID-19,7-co
2838,2022-2023,1/8/2023,65+,127,COVID-19,7-co
2840,2022-2023,1/15/2023,0-4,7,COVID-19,7-co
2842,2022-2023,1/15/2023,5-17,2,COVID-19,7-co
2844,2022-2023,1/15/2023,18-49,46,COVID-19,7-co
2846,2022-2023,1/15/2023,50-64,32,COVID-19,7-co
2848,2022-2023,1/15/2023,65+,131,COVID-19,7-co
2850,2022-2023,1/22/2023,0-4,5,COVID-19,7-co
2852,2022-2023,1/22/2023,5-17,7,COVID-19,7-co
2854,2022-2023,1/22/2023,18-49,39,COVID-19,7-co
2856,2022-2023,1/22/2023,50-64,33,COVID-19,7-co
2858,2022-2023,1/22/2023,65+,133,COVID-19,7-co
2860,2022-2023,1/29/2023,0-4,7,COVID-19,7-co
2862,2022-2023,1/29/2023,5-17,3,COVID-19,7-co
2864,2022-2023,1/29/2023,18-49,43,COVID-19,7-co
2866,2022-2023,1/29/2023,50-64,52,COVID-19,7-co
2868,2022-2023,1/29/2023,65+,111,COVID-19,7-co
2870,2022-2023,2/5/2023,0-4,4,COVID-19,7-co
2872,2022-2023,2/5/2023,5-17,8,COVID-19,7-co
2874,2022-2023,2/5/2023,18-49,44,COVID-19,7-co
2876,2022-2023,2/5/2023,50-64,32,COVID-19,7-co
2878,2022-2023,2/5/2023,65+,158,COVID-19,7-co
2880,2022-2023,2/12/2023,0-4,1,COVID-19,7-co
2882,2022-2023,2/12/2023,5-17,5,COVID-19,7-co
2884,2022-2023,2/12/2023,18-49,43,COVID-19,7-co
2886,2022-2023,2/12/2023,50-64,31,COVID-19,7-co
2888,2022-2023,2/12/2023,65+,121,COVID-19,7-co
2890,2022-2023,2/19/2023,0-4,9,COVID-19,7-co
2892,2022-2023,2/19/2023,5-17,2,COVID-19,7-co
2894,2022-2023,2/19/2023,18-49,38,COVID-19,7-co
2896,2022-2023,2/19/2023,50-64,32,COVID-19,7-co
2898,2022-2023,2/19/2023,65+,123,COVID-19,7-co
2900,2022-2023,2/26/2023,0-4,2,COVID-19,7-co
2902,2022-2023,2/26/2023,5-17,3,COVID-19,7-co
2904,2022-2023,2/26/2023,18-49,39,COVID-19,7-co
2906,2022-2023,2/26/2023,50-64,34,COVID-19,7-co
2908,2022-2023,2/26/2023,65+,117,COVID-19,7-co
2910,2022-2023,3/5/2023,0-4,5,COVID-19,7-co
2912,2022-2023,3/5/2023,5-17,2,COVID-19,7-co
2914,2022-2023,3/5/2023,18-49,27,COVID-19,7-co
2916,2022-2023,3/5/2023,50-64,37,COVID-19,7-co
2918,2022-2023,3/5/2023,65+,100,COVID-19,7-co
2920,2022-2023,3/12/2023,0-4,5,COVID-19,7-co
2922,2022-2023,3/12/2023,5-17,2,COVID-19,7-co
2924,2022-2023,3/12/2023,18-49,29,COVID-19,7-co
2926,2022-2023,3/12/2023,50-64,23,COVID-19,7-co
2928,2022-2023,3/12/2023,65+,78,COVID-19,7-co
2930,2022-2023,3/19/2023,0-4,6,COVID-19,7-co
2932,2022-2023,3/19/2023,5-17,2,COVID-19,7-co
2934,2022-2023,3/19/2023,18-49,16,COVID-19,7-co
2936,2022-2023,3/19/2023,50-64,19,COVID-19,7-co
2938,2022-2023,3/19/2023,65+,81,COVID-19,7-co
2940,2022-2023,3/26/2023,0-4,4,COVID-19,7-co
2942,2022-2023,3/26/2023,5-17,6,COVID-19,7-co
2944,2022-2023,3/26/2023,18-49,28,COVID-19,7-co
2946,2022-2023,3/26/2023,50-64,21,COVID-19,7-co
2948,2022-2023,3/26/2023,65+,79,COVID-19,7-co
2950,2022-2023,4/2/2023,0-4,1,COVID-19,7-co
2952,2022-2023,4/2/2023,5-17,4,COVID-19,7-co
2954,2022-2023,4/2/2023,18-49,26,COVID-19,7-co
2956,2022-2023,4/2/2023,50-64,17,COVID-19,7-co
2958,2022-2023,4/2/2023,65+,86,COVID-19,7-co
2960,2022-2023,4/9/2023,0-4,3,COVID-19,7-co
2962,2022-2023,4/9/2023,5-17,2,COVID-19,7-co
2964,2022-2023,4/9/2023,18-49,14,COVID-19,7-co
2966,2022-2023,4/9/2023,50-64,10,COVID-19,7-co
2968,2022-2023,4/9/2023,65+,67,COVID-19,7-co
2970,2022-2023,4/16/2023,0-4,3,COVID-19,7-co
2972,2022-2023,4/16/2023,5-17,5,COVID-19,7-co
2974,2022-2023,4/16/2023,18-49,11,COVID-19,7-co
2976,2022-2023,4/16/2023,50-64,12,COVID-19,7-co
2978,2022-2023,4/16/2023,65+,55,COVID-19,7-co
2980,2022-2023,4/23/2023,0-4,2,COVID-19,7-co
2982,2022-2023,4/23/2023,5-17,2,COVID-19,7-co
2984,2022-2023,4/23/2023,18-49,6,COVID-19,7-co
2986,2022-2023,4/23/2023,50-64,12,COVID-19,7-co
2988,2022-2023,4/23/2023,65+,61,COVID-19,7-co
2990,2022-2023,4/30/2023,0-4,0,COVID-19,7-co
2992,2022-2023,4/30/2023,5-17,1,COVID-19,7-co
2994,2022-2023,4/30/2023,18-49,12,COVID-19,7-co
2996,2022-2023,4/30/2023,50-64,13,COVID-19,7-co
2998,2022-2023,4/30/2023,65+,49,COVID-19,7-co
3000,2022-2023,5/7/2023,0-4,4,COVID-19,7-co
3002,2022-2023,5/7/2023,5-17,1,COVID-19,7-co
3004,2022-2023,5/7/2023,18-49,9,COVID-19,7-co
3006,2022-2023,5/7/2023,50-64,4,COVID-19,7-co
3008,2022-2023,5/7/2023,65+,44,COVID-19,7-co
3010,2022-2023,5/14/2023,0-4,1,COVID-19,7-co
3012,2022-2023,5/14/2023,5-17,1,COVID-19,7-co
3014,2022-2023,5/14/2023,18-49,4,COVID-19,7-co
3016,2022-2023,5/14/2023,50-64,6,COVID-19,7-co
3018,2022-2023,5/14/2023,65+,38,COVID-19,7-co
3020,2022-2023,5/21/2023,0-4,1,COVID-19,7-co
3022,2022-2023,5/21/2023,5-17,2,COVID-19,7-co
3024,2022-2023,5/21/2023,18-49,6,COVID-19,7-co
3026,2022-2023,5/21/2023,50-64,7,COVID-19,7-co
3028,2022-2023,5/21/2023,65+,35,COVID-19,7-co
3030,2022-2023,5/28/2023,0-4,0,COVID-19,7-co
3032,2022-2023,5/28/2023,5-17,0,COVID-19,7-co
3034,2022-2023,5/28/2023,18-49,1,COVID-19,7-co
3036,2022-2023,5/28/2023,50-64,5,COVID-19,7-co
3038,2022-2023,5/28/2023,65+,15,COVID-19,7-co
3040,2022-2023,6/4/2023,0-4,1,COVID-19,7-co
3042,2022-2023,6/4/2023,5-17,0,COVID-19,7-co
3044,2022-2023,6/4/2023,18-49,2,COVID-19,7-co
3046,2022-2023,6/4/2023,50-64,1,COVID-19,7-co
3048,2022-2023,6/4/2023,65+,20,COVID-19,7-co
3050,2022-2023,6/11/2023,0-4,0,COVID-19,7-co
3052,2022-2023,6/11/2023,5-17,0,COVID-19,7-co
3054,2022-2023,6/11/2023,18-49,5,COVID-19,7-co
3056,2022-2023,6/11/2023,50-64,6,COVID-19,7-co
3058,2022-2023,6/11/2023,65+,19,COVID-19,7-co
3060,2022-2023,6/18/2023,0-4,0,COVID-19,7-co
3062,2022-2023,6/18/2023,5-17,0,COVID-19,7-co
3064,2022-2023,6/18/2023,18-49,0,COVID-19,7-co
3066,2022-2023,6/18/2023,50-64,5,COVID-19,7-co
3068,2022-2023,6/18/2023,65+,15,COVID-19,7-co
3070,2022-2023,6/25/2023,0-4,1,COVID-19,7-co
3072,2022-2023,6/25/2023,5-17,0,COVID-19,7-co
3074,2022-2023,6/25/2023,18-49,1,COVID-19,7-co
3076,2022-2023,6/25/2023,50-64,4,COVID-19,7-co
3078,2022-2023,6/25/2023,65+,21,COVID-19,7-co
3080,2022-2023,7/2/2023,0-4,0,COVID-19,7-co
3082,2022-2023,7/2/2023,5-17,1,COVID-19,7-co
3084,2022-2023,7/2/2023,18-49,3,COVID-19,7-co
3086,2022-2023,7/2/2023,50-64,6,COVID-19,7-co
3088,2022-2023,7/2/2023,65+,10,COVID-19,7-co
3090,2022-2023,7/9/2023,0-4,1,COVID-19,7-co
3092,2022-2023,7/9/2023,5-17,0,COVID-19,7-co
3094,2022-2023,7/9/2023,18-49,4,COVID-19,7-co
3096,2022-2023,7/9/2023,50-64,9,COVID-19,7-co
3098,2022-2023,7/9/2023,65+,22,COVID-19,7-co
3100,2022-2023,7/16/2023,0-4,1,COVID-19,7-co
3102,2022-2023,7/16/2023,5-17,0,COVID-19,7-co
3104,2022-2023,7/16/2023,18-49,5,COVID-19,7-co
3106,2022-2023,7/16/2023,50-64,8,COVID-19,7-co
3108,2022-2023,7/16/2023,65+,27,COVID-19,7-co
3110,2022-2023,7/23/2023,0-4,0,COVID-19,7-co
3112,2022-2023,7/23/2023,5-17,0,COVID-19,7-co
3114,2022-2023,7/23/2023,18-49,3,COVID-19,7-co
3116,2022-2023,7/23/2023,50-64,7,COVID-19,7-co
3118,2022-2023,7/23/2023,65+,26,COVID-19,7-co
3120,2022-2023,7/30/2023,0-4,1,COVID-19,7-co
3122,2022-2023,7/30/2023,5-17,1,COVID-19,7-co
3124,2022-2023,7/30/2023,18-49,10,COVID-19,7-co
3126,2022-2023,7/30/2023,50-64,3,COVID-19,7-co
3128,2022-2023,7/30/2023,65+,35,COVID-19,7-co
3130,2022-2023,8/6/2023,0-4,2,COVID-19,7-co
3132,2022-2023,8/6/2023,5-17,1,COVID-19,7-co
3134,2022-2023,8/6/2023,18-49,12,COVID-19,7-co
3136,2022-2023,8/6/2023,50-64,9,COVID-19,7-co
3138,2022-2023,8/6/2023,65+,38,COVID-19,7-co
3140,2022-2023,8/13/2023,0-4,2,COVID-19,7-co
3142,2022-2023,8/13/2023,5-17,0,COVID-19,7-co
3144,2022-2023,8/13/2023,18-49,8,COVID-19,7-co
3146,2022-2023,8/13/2023,50-64,12,COVID-19,7-co
3148,2022-2023,8/13/2023,65+,43,COVID-19,7-co
3150,2022-2023,8/20/2023,0-4,2,COVID-19,7-co
3152,2022-2023,8/20/2023,5-17,1,COVID-19,7-co
3154,2022-2023,8/20/2023,18-49,14,COVID-19,7-co
3156,2022-2023,8/20/2023,50-64,13,COVID-19,7-co
3158,2022-2023,8/20/2023,65+,48,COVID-19,7-co
3160,2022-2023,8/27/2023,0-4,2,COVID-19,7-co
3162,2022-2023,8/27/2023,5-17,0,COVID-19,7-co
3164,2022-2023,8/27/2023,18-49,16,COVID-19,7-co
3166,2022-2023,8/27/2023,50-64,14,COVID-19,7-co
3168,2022-2023,8/27/2023,65+,71,COVID-19,7-co
3170,2022-2023,9/3/2023,0-4,5,COVID-19,7-co
3172,2022-2023,9/3/2023,5-17,3,COVID-19,7-co
3174,2022-2023,9/3/2023,18-49,12,COVID-19,7-co
3176,2022-2023,9/3/2023,50-64,13,COVID-19,7-co
3178,2022-2023,9/3/2023,65+,75,COVID-19,7-co
3180,2022-2023,9/10/2023,0-4,5,COVID-19,7-co
3182,2022-2023,9/10/2023,5-17,3,COVID-19,7-co
3184,2022-2023,9/10/2023,18-49,26,COVID-19,7-co
3186,2022-2023,9/10/2023,50-64,10,COVID-19,7-co
3188,2022-2023,9/10/2023,65+,76,COVID-19,7-co
3190,2022-2023,9/17/2023,0-4,0,COVID-19,7-co
3192,2022-2023,9/17/2023,5-17,2,COVID-19,7-co
3194,2022-2023,9/17/2023,18-49,20,COVID-19,7-co
3196,2022-2023,9/17/2023,50-64,25,COVID-19,7-co
3198,2022-2023,9/17/2023,65+,96,COVID-19,7-co
3200,2022-2023,9/24/2023,0-4,2,COVID-19,7-co
3202,2022-2023,9/24/2023,5-17,2,COVID-19,7-co
3204,2022-2023,9/24/2023,18-49,21,COVID-19,7-co
3206,2022-2023,9/24/2023,50-64,19,COVID-19,7-co
3208,2022-2023,9/24/2023,65+,106,COVID-19,7-co
3210,2023-2024,10/1/2023,0-4,6,COVID-19,7-co
3212,2023-2024,10/1/2023,5-17,2,COVID-19,7-co
3214,2023-2024,10/1/2023,18-49,15,COVID-19,7-co
3216,2023-2024,10/1/2023,50-64,26,COVID-19,7-co
3218,2023-2024,10/1/2023,65+,80,COVID-19,7-co
3240,2023-2024,10/8/2023,0-4,4,COVID-19,7-co
3242,2023-2024,10/8/2023,5-17,2,COVID-19,7-co
3244,2023-2024,10/8/2023,18-49,28,COVID-19,7-co
3246,2023-2024,10/8/2023,50-64,15,COVID-19,7-co
3248,2023-2024,10/8/2023,65+,105,COVID-19,7-co
3270,2023-2024,10/15/2023,0-4,1,COVID-19,7-co
3272,2023-2024,10/15/2023,5-17,1,COVID-19,7-co
3274,2023-2024,10/15/2023,18-49,23,COVID-19,7-co
3276,2023-2024,10/15/2023,50-64,30,COVID-19,7-co
3278,2023-2024,10/15/2023,65+,116,COVID-19,7-co
3300,2023-2024,10/22/2023,0-4,1,COVID-19,7-co
3302,2023-2024,10/22/2023,5-17,1,COVID-19,7-co
3304,2023-2024,10/22/2023,18-49,16,COVID-19,7-co
3306,2023-2024,10/22/2023,50-64,23,COVID-19,7-co
3308,2023-2024,10/22/2023,65+,106,COVID-19,7-co
3330,2023-2024,10/29/2023,0-4,4,COVID-19,7-co
3332,2023-2024,10/29/2023,5-17,0,COVID-19,7-co
3334,2023-2024,10/29/2023,18-49,28,COVID-19,7-co
3336,2023-2024,10/29/2023,50-64,20,COVID-19,7-co
3338,2023-2024,10/29/2023,65+,88,COVID-19,7-co
3360,2023-2024,11/5/2023,0-4,5,COVID-19,7-co
3362,2023-2024,11/5/2023,5-17,1,COVID-19,7-co
3364,2023-2024,11/5/2023,18-49,27,COVID-19,7-co
3366,2023-2024,11/5/2023,50-64,27,COVID-19,7-co
3368,2023-2024,11/5/2023,65+,133,COVID-19,7-co
3390,2023-2024,11/12/2023,0-4,9,COVID-19,7-co
3392,2023-2024,11/12/2023,5-17,4,COVID-19,7-co
3394,2023-2024,11/12/2023,18-49,25,COVID-19,7-co
3396,2023-2024,11/12/2023,50-64,25,COVID-19,7-co
3398,2023-2024,11/12/2023,65+,118,COVID-19,7-co
3420,2023-2024,11/19/2023,0-4,7,COVID-19,7-co
3422,2023-2024,11/19/2023,5-17,6,COVID-19,7-co
3424,2023-2024,11/19/2023,18-49,31,COVID-19,7-co
3426,2023-2024,11/19/2023,50-64,34,COVID-19,7-co
3428,2023-2024,11/19/2023,65+,126,COVID-19,7-co
3450,2023-2024,11/26/2023,0-4,11,COVID-19,7-co
3452,2023-2024,11/26/2023,5-17,3,COVID-19,7-co
3454,2023-2024,11/26/2023,18-49,25,COVID-19,7-co
3456,2023-2024,11/26/2023,50-64,23,COVID-19,7-co
3458,2023-2024,11/26/2023,65+,179,COVID-19,7-co
3480,2023-2024,12/3/2023,0-4,11,COVID-19,7-co
3482,2023-2024,12/3/2023,5-17,2,COVID-19,7-co
3484,2023-2024,12/3/2023,18-49,30,COVID-19,7-co
3486,2023-2024,12/3/2023,50-64,50,COVID-19,7-co
3488,2023-2024,12/3/2023,65+,151,COVID-19,7-co
3510,2023-2024,12/10/2023,0-4,9,COVID-19,7-co
3512,2023-2024,12/10/2023,5-17,6,COVID-19,7-co
3514,2023-2024,12/10/2023,18-49,32,COVID-19,7-co
3516,2023-2024,12/10/2023,50-64,41,COVID-19,7-co
3518,2023-2024,12/10/2023,65+,165,COVID-19,7-co
3540,2023-2024,12/17/2023,0-4,17,COVID-19,7-co
3542,2023-2024,12/17/2023,5-17,6,COVID-19,7-co
3544,2023-2024,12/17/2023,18-49,34,COVID-19,7-co
3546,2023-2024,12/17/2023,50-64,38,COVID-19,7-co
3548,2023-2024,12/17/2023,65+,199,COVID-19,7-co
3570,2023-2024,12/24/2023,0-4,20,COVID-19,7-co
3572,2023-2024,12/24/2023,5-17,6,COVID-19,7-co
3574,2023-2024,12/24/2023,18-49,33,COVID-19,7-co
3576,2023-2024,12/24/2023,50-64,37,COVID-19,7-co
3578,2023-2024,12/24/2023,65+,216,COVID-19,7-co
3600,2023-2024,12/31/2023,0-4,9,COVID-19,7-co
3602,2023-2024,12/31/2023,5-17,4,COVID-19,7-co
3604,2023-2024,12/31/2023,18-49,33,COVID-19,7-co
3606,2023-2024,12/31/2023,50-64,41,COVID-19,7-co
3608,2023-2024,12/31/2023,65+,191,COVID-19,7-co
3630,2023-2024,1/7/2024,0-4,8,COVID-19,7-co
3632,2023-2024,1/7/2024,5-17,0,COVID-19,7-co
3634,2023-2024,1/7/2024,18-49,35,COVID-19,7-co
3636,2023-2024,1/7/2024,50-64,45,COVID-19,7-co
3638,2023-2024,1/7/2024,65+,169,COVID-19,7-co
3660,2023-2024,1/14/2024,0-4,4,COVID-19,7-co
3662,2023-2024,1/14/2024,5-17,2,COVID-19,7-co
3664,2023-2024,1/14/2024,18-49,29,COVID-19,7-co
3666,2023-2024,1/14/2024,50-64,30,COVID-19,7-co
3668,2023-2024,1/14/2024,65+,134,COVID-19,7-co
3690,2023-2024,1/21/2024,0-4,8,COVID-19,7-co
3692,2023-2024,1/21/2024,5-17,1,COVID-19,7-co
3694,2023-2024,1/21/2024,18-49,27,COVID-19,7-co
3696,2023-2024,1/21/2024,50-64,31,COVID-19,7-co
3698,2023-2024,1/21/2024,65+,126,COVID-19,7-co
3720,2023-2024,1/28/2024,0-4,7,COVID-19,7-co
3722,2023-2024,1/28/2024,5-17,2,COVID-19,7-co
3724,2023-2024,1/28/2024,18-49,19,COVID-19,7-co
3726,2023-2024,1/28/2024,50-64,31,COVID-19,7-co
3728,2023-2024,1/28/2024,65+,108,COVID-19,7-co
3750,2023-2024,2/4/2024,0-4,7,COVID-19,7-co
3752,2023-2024,2/4/2024,5-17,0,COVID-19,7-co
3754,2023-2024,2/4/2024,18-49,27,COVID-19,7-co
3756,2023-2024,2/4/2024,50-64,25,COVID-19,7-co
3758,2023-2024,2/4/2024,65+,91,COVID-19,7-co
3780,2023-2024,2/11/2024,0-4,7,COVID-19,7-co
3782,2023-2024,2/11/2024,5-17,4,COVID-19,7-co
3784,2023-2024,2/11/2024,18-49,18,COVID-19,7-co
3786,2023-2024,2/11/2024,50-64,23,COVID-19,7-co
3788,2023-2024,2/11/2024,65+,79,COVID-19,7-co
3810,2023-2024,2/18/2024,0-4,2,COVID-19,7-co
3812,2023-2024,2/18/2024,5-17,1,COVID-19,7-co
3814,2023-2024,2/18/2024,18-49,12,COVID-19,7-co
3816,2023-2024,2/18/2024,50-64,20,COVID-19,7-co
3818,2023-2024,2/18/2024,65+,69,COVID-19,7-co
3840,2023-2024,2/25/2024,0-4,5,COVID-19,7-co
3842,2023-2024,2/25/2024,5-17,0,COVID-19,7-co
3844,2023-2024,2/25/2024,18-49,13,COVID-19,7-co
3846,2023-2024,2/25/2024,50-64,9,COVID-19,7-co
3848,2023-2024,2/25/2024,65+,61,COVID-19,7-co
3870,2023-2024,3/3/2024,0-4,4,COVID-19,7-co
3872,2023-2024,3/3/2024,5-17,2,COVID-19,7-co
3874,2023-2024,3/3/2024,18-49,5,COVID-19,7-co
3876,2023-2024,3/3/2024,50-64,11,COVID-19,7-co
3878,2023-2024,3/3/2024,65+,57,COVID-19,7-co
3900,2023-2024,3/10/2024,0-4,3,COVID-19,7-co
3902,2023-2024,3/10/2024,5-17,1,COVID-19,7-co
3904,2023-2024,3/10/2024,18-49,10,COVID-19,7-co
3906,2023-2024,3/10/2024,50-64,6,COVID-19,7-co
3908,2023-2024,3/10/2024,65+,59,COVID-19,7-co
3930,2023-2024,3/17/2024,0-4,1,COVID-19,7-co
3932,2023-2024,3/17/2024,5-17,2,COVID-19,7-co
3934,2023-2024,3/17/2024,18-49,6,COVID-19,7-co
3936,2023-2024,3/17/2024,50-64,11,COVID-19,7-co
3938,2023-2024,3/17/2024,65+,43,COVID-19,7-co
3960,2023-2024,3/24/2024,0-4,2,COVID-19,7-co
3962,2023-2024,3/24/2024,5-17,0,COVID-19,7-co
3964,2023-2024,3/24/2024,18-49,7,COVID-19,7-co
3966,2023-2024,3/24/2024,50-64,9,COVID-19,7-co
3968,2023-2024,3/24/2024,65+,43,COVID-19,7-co
3990,2023-2024,3/31/2024,0-4,0,COVID-19,7-co
3992,2023-2024,3/31/2024,5-17,1,COVID-19,7-co
3994,2023-2024,3/31/2024,18-49,3,COVID-19,7-co
3996,2023-2024,3/31/2024,50-64,8,COVID-19,7-co
3998,2023-2024,3/31/2024,65+,30,COVID-19,7-co
4020,2023-2024,4/7/2024,0-4,0,COVID-19,7-co
4022,2023-2024,4/7/2024,5-17,0,COVID-19,7-co
4024,2023-2024,4/7/2024,18-49,5,COVID-19,7-co
4026,2023-2024,4/7/2024,50-64,10,COVID-19,7-co
4028,2023-2024,4/7/2024,65+,19,COVID-19,7-co
4050,2023-2024,4/14/2024,0-4,3,COVID-19,7-co
4052,2023-2024,4/14/2024,5-17,0,COVID-19,7-co
4054,2023-2024,4/14/2024,18-49,3,COVID-19,7-co
4056,2023-2024,4/14/2024,50-64,7,COVID-19,7-co
4058,2023-2024,4/14/2024,65+,23,COVID-19,7-co
4080,2023-2024,4/21/2024,0-4,0,COVID-19,7-co
4082,2023-2024,4/21/2024,5-17,2,COVID-19,7-co
4084,2023-2024,4/21/2024,18-49,6,COVID-19,7-co
4086,2023-2024,4/21/2024,50-64,8,COVID-19,7-co
4088,2023-2024,4/21/2024,65+,27,COVID-19,7-co
4110,2023-2024,4/28/2024,0-4,2,COVID-19,7-co
4112,2023-2024,4/28/2024,5-17,2,COVID-19,7-co
4114,2023-2024,4/28/2024,18-49,7,COVID-19,7-co
4116,2023-2024,4/28/2024,50-64,0,COVID-19,7-co
4118,2023-2024,4/28/2024,65+,22,COVID-19,7-co
4140,2023-2024,5/5/2024,0-4,0,COVID-19,7-co
4142,2023-2024,5/5/2024,5-17,2,COVID-19,7-co
4144,2023-2024,5/5/2024,18-49,5,COVID-19,7-co
4146,2023-2024,5/5/2024,50-64,5,COVID-19,7-co
4148,2023-2024,5/5/2024,65+,28,COVID-19,7-co
4170,2023-2024,5/12/2024,0-4,1,COVID-19,7-co
4172,2023-2024,5/12/2024,5-17,2,COVID-19,7-co
4174,2023-2024,5/12/2024,18-49,2,COVID-19,7-co
4176,2023-2024,5/12/2024,50-64,7,COVID-19,7-co
4178,2023-2024,5/12/2024,65+,33,COVID-19,7-co
4200,2023-2024,5/19/2024,0-4,2,COVID-19,7-co
4202,2023-2024,5/19/2024,5-17,0,COVID-19,7-co
4204,2023-2024,5/19/2024,18-49,5,COVID-19,7-co
4206,2023-2024,5/19/2024,50-64,7,COVID-19,7-co
4208,2023-2024,5/19/2024,65+,20,COVID-19,7-co
4230,2023-2024,5/26/2024,0-4,1,COVID-19,7-co
4232,2023-2024,5/26/2024,5-17,0,COVID-19,7-co
4234,2023-2024,5/26/2024,18-49,10,COVID-19,7-co
4236,2023-2024,5/26/2024,50-64,7,COVID-19,7-co
4238,2023-2024,5/26/2024,65+,32,COVID-19,7-co
4260,2023-2024,6/2/2024,0-4,1,COVID-19,7-co
4262,2023-2024,6/2/2024,5-17,0,COVID-19,7-co
4264,2023-2024,6/2/2024,18-49,5,COVID-19,7-co
4266,2023-2024,6/2/2024,50-64,4,COVID-19,7-co
4268,2023-2024,6/2/2024,65+,29,COVID-19,7-co
4290,2023-2024,6/9/2024,0-4,2,COVID-19,7-co
4292,2023-2024,6/9/2024,5-17,0,COVID-19,7-co
4294,2023-2024,6/9/2024,18-49,11,COVID-19,7-co
4296,2023-2024,6/9/2024,50-64,9,COVID-19,7-co
4298,2023-2024,6/9/2024,65+,37,COVID-19,7-co
4320,2023-2024,6/16/2024,0-4,0,COVID-19,7-co
4322,2023-2024,6/16/2024,5-17,0,COVID-19,7-co
4324,2023-2024,6/16/2024,18-49,9,COVID-19,7-co
4326,2023-2024,6/16/2024,50-64,6,COVID-19,7-co
4328,2023-2024,6/16/2024,65+,42,COVID-19,7-co
4350,2023-2024,6/23/2024,0-4,6,COVID-19,7-co
4352,2023-2024,6/23/2024,5-17,2,COVID-19,7-co
4354,2023-2024,6/23/2024,18-49,11,COVID-19,7-co
4356,2023-2024,6/23/2024,50-64,4,COVID-19,7-co
4358,2023-2024,6/23/2024,65+,66,COVID-19,7-co
4380,2023-2024,6/30/2024,0-4,3,COVID-19,7-co
4382,2023-2024,6/30/2024,5-17,0,COVID-19,7-co
4384,2023-2024,6/30/2024,18-49,14,COVID-19,7-co
4386,2023-2024,6/30/2024,50-64,16,COVID-19,7-co
4388,2023-2024,6/30/2024,65+,55,COVID-19,7-co
4410,2023-2024,7/7/2024,0-4,3,COVID-19,7-co
4412,2023-2024,7/7/2024,5-17,2,COVID-19,7-co
4414,2023-2024,7/7/2024,18-49,8,COVID-19,7-co
4416,2023-2024,7/7/2024,50-64,20,COVID-19,7-co
4418,2023-2024,7/7/2024,65+,78,COVID-19,7-co
4440,2023-2024,7/14/2024,0-4,2,COVID-19,7-co
4442,2023-2024,7/14/2024,5-17,2,COVID-19,7-co
4444,2023-2024,7/14/2024,18-49,19,COVID-19,7-co
4446,2023-2024,7/14/2024,50-64,18,COVID-19,7-co
4448,2023-2024,7/14/2024,65+,77,COVID-19,7-co
4470,2023-2024,7/21/2024,0-4,3,COVID-19,7-co
4472,2023-2024,7/21/2024,5-17,0,COVID-19,7-co
4474,2023-2024,7/21/2024,18-49,19,COVID-19,7-co
4476,2023-2024,7/21/2024,50-64,16,COVID-19,7-co
4478,2023-2024,7/21/2024,65+,86,COVID-19,7-co
4500,2023-2024,7/28/2024,0-4,5,COVID-19,7-co
4502,2023-2024,7/28/2024,5-17,3,COVID-19,7-co
4504,2023-2024,7/28/2024,18-49,23,COVID-19,7-co
4506,2023-2024,7/28/2024,50-64,28,COVID-19,7-co
4508,2023-2024,7/28/2024,65+,81,COVID-19,7-co
4530,2023-2024,8/4/2024,0-4,1,COVID-19,7-co
4532,2023-2024,8/4/2024,5-17,1,COVID-19,7-co
4534,2023-2024,8/4/2024,18-49,21,COVID-19,7-co
4536,2023-2024,8/4/2024,50-64,26,COVID-19,7-co
4538,2023-2024,8/4/2024,65+,96,COVID-19,7-co
4560,2023-2024,8/11/2024,0-4,2,COVID-19,7-co
4562,2023-2024,8/11/2024,5-17,3,COVID-19,7-co
4564,2023-2024,8/11/2024,18-49,10,COVID-19,7-co
4566,2023-2024,8/11/2024,50-64,16,COVID-19,7-co
4568,2023-2024,8/11/2024,65+,91,COVID-19,7-co
4590,2023-2024,8/18/2024,0-4,1,COVID-19,7-co
4592,2023-2024,8/18/2024,5-17,1,COVID-19,7-co
4594,2023-2024,8/18/2024,18-49,19,COVID-19,7-co
4596,2023-2024,8/18/2024,50-64,13,COVID-19,7-co
4598,2023-2024,8/18/2024,65+,95,COVID-19,7-co
4620,2023-2024,8/25/2024,0-4,3,COVID-19,7-co
4622,2023-2024,8/25/2024,5-17,2,COVID-19,7-co
4624,2023-2024,8/25/2024,18-49,22,COVID-19,7-co
4626,2023-2024,8/25/2024,50-64,12,COVID-19,7-co
4628,2023-2024,8/25/2024,65+,98,COVID-19,7-co
4650,2023-2024,9/1/2024,0-4,0,COVID-19,7-co
4652,2023-2024,9/1/2024,5-17,2,COVID-19,7-co
4654,2023-2024,9/1/2024,18-49,14,COVID-19,7-co
4656,2023-2024,9/1/2024,50-64,20,COVID-19,7-co
4658,2023-2024,9/1/2024,65+,99,COVID-19,7-co
4680,2023-2024,9/8/2024,0-4,3,COVID-19,7-co
4682,2023-2024,9/8/2024,5-17,5,COVID-19,7-co
4684,2023-2024,9/8/2024,18-49,15,COVID-19,7-co
4686,2023-2024,9/8/2024,50-64,15,COVID-19,7-co
4688,2023-2024,9/8/2024,65+,94,COVID-19,7-co
4710,2023-2024,9/15/2024,0-4,7,COVID-19,7-co
4712,2023-2024,9/15/2024,5-17,0,COVID-19,7-co
4714,2023-2024,9/15/2024,18-49,11,COVID-19,7-co
4716,2023-2024,9/15/2024,50-64,18,COVID-19,7-co
4718,2023-2024,9/15/2024,65+,95,COVID-19,7-co
4740,2023-2024,9/22/2024,0-4,3,COVID-19,7-co
4742,2023-2024,9/22/2024,5-17,2,COVID-19,7-co
4744,2023-2024,9/22/2024,18-49,12,COVID-19,7-co
4746,2023-2024,9/22/2024,50-64,11,COVID-19,7-co
4748,2023-2024,9/22/2024,65+,88,COVID-19,7-co
4770,2023-2024,9/29/2024,0-4,2,COVID-19,7-co
4772,2023-2024,9/29/2024,5-17,2,COVID-19,7-co
4774,2023-2024,9/29/2024,18-49,6,COVID-19,7-co
4776,2023-2024,9/29/2024,50-64,9,COVID-19,7-co
4778,2023-2024,9/29/2024,65+,63,COVID-19,7-co
4800,2024-2025,10/6/2024,0-4,3,COVID-19,7-co
4802,2024-2025,10/6/2024,5-17,0,COVID-19,7-co
4804,2024-2025,10/6/2024,18-49,5,COVID-19,7-co
4806,2024-2025,10/6/2024,50-64,8,COVID-19,7-co
4808,2024-2025,10/6/2024,65+,59,COVID-19,7-co
4830,2024-2025,10/13/2024,0-4,1,COVID-19,7-co
4832,2024-2025,10/13/2024,5-17,2,COVID-19,7-co
4834,2024-2025,10/13/2024,18-49,3,COVID-19,7-co
4836,2024-2025,10/13/2024,50-64,6,COVID-19,7-co
4838,2024-2025,10/13/2024,65+,62,COVID-19,7-co
4860,2024-2025,10/20/2024,0-4,3,COVID-19,7-co
4862,2024-2025,10/20/2024,5-17,0,COVID-19,7-co
4864,2024-2025,10/20/2024,18-49,5,COVID-19,7-co
4866,2024-2025,10/20/2024,50-64,12,COVID-19,7-co
4868,2024-2025,10/20/2024,65+,52,COVID-19,7-co
4890,2024-2025,10/27/2024,0-4,2,COVID-19,7-co
4892,2024-2025,10/27/2024,5-17,2,COVID-19,7-co
4894,2024-2025,10/27/2024,18-49,6,COVID-19,7-co
4896,2024-2025,10/27/2024,50-64,10,COVID-19,7-co
4898,2024-2025,10/27/2024,65+,40,COVID-19,7-co
4920,2024-2025,11/3/2024,0-4,0,COVID-19,7-co
4922,2024-2025,11/3/2024,5-17,0,COVID-19,7-co
4924,2024-2025,11/3/2024,18-49,11,COVID-19,7-co
4926,2024-2025,11/3/2024,50-64,7,COVID-19,7-co
4928,2024-2025,11/3/2024,65+,47,COVID-19,7-co
4950,2024-2025,11/10/2024,0-4,4,COVID-19,7-co
4952,2024-2025,11/10/2024,5-17,1,COVID-19,7-co
4954,2024-2025,11/10/2024,18-49,3,COVID-19,7-co
4956,2024-2025,11/10/2024,50-64,7,COVID-19,7-co
4958,2024-2025,11/10/2024,65+,33,COVID-19,7-co
4980,2024-2025,11/17/2024,0-4,1,COVID-19,7-co
4982,2024-2025,11/17/2024,5-17,2,COVID-19,7-co
4984,2024-2025,11/17/2024,18-49,8,COVID-19,7-co
4986,2024-2025,11/17/2024,50-64,7,COVID-19,7-co
4988,2024-2025,11/17/2024,65+,36,COVID-19,7-co
5010,2024-2025,11/24/2024,0-4,1,COVID-19,7-co
5012,2024-2025,11/24/2024,5-17,1,COVID-19,7-co
5014,2024-2025,11/24/2024,18-49,3,COVID-19,7-co
5016,2024-2025,11/24/2024,50-64,12,COVID-19,7-co
5018,2024-2025,11/24/2024,65+,44,COVID-19,7-co
5040,2024-2025,12/1/2024,0-4,3,COVID-19,7-co
5042,2024-2025,12/1/2024,5-17,2,COVID-19,7-co
5044,2024-2025,12/1/2024,18-49,6,COVID-19,7-co
5046,2024-2025,12/1/2024,50-64,14,COVID-19,7-co
5048,2024-2025,12/1/2024,65+,56,COVID-19,7-co
5070,2024-2025,12/8/2024,0-4,2,COVID-19,7-co
5072,2024-2025,12/8/2024,5-17,2,COVID-19,7-co
5074,2024-2025,12/8/2024,18-49,7,COVID-19,7-co
5076,2024-2025,12/8/2024,50-64,12,COVID-19,7-co
5078,2024-2025,12/8/2024,65+,78,COVID-19,7-co
5100,2024-2025,12/15/2024,0-4,1,COVID-19,7-co
5102,2024-2025,12/15/2024,5-17,1,COVID-19,7-co
5104,2024-2025,12/15/2024,18-49,8,COVID-19,7-co
5106,2024-2025,12/15/2024,50-64,18,COVID-19,7-co
5108,2024-2025,12/15/2024,65+,85,COVID-19,7-co
5130,2024-2025,12/22/2024,0-4,1,COVID-19,7-co
5132,2024-2025,12/22/2024,5-17,2,COVID-19,7-co
5134,2024-2025,12/22/2024,18-49,16,COVID-19,7-co
5136,2024-2025,12/22/2024,50-64,22,COVID-19,7-co
5138,2024-2025,12/22/2024,65+,112,COVID-19,7-co
5160,2024-2025,12/29/2024,0-4,4,COVID-19,7-co
5162,2024-2025,12/29/2024,5-17,1,COVID-19,7-co
5164,2024-2025,12/29/2024,18-49,20,COVID-19,7-co
5166,2024-2025,12/29/2024,50-64,27,COVID-19,7-co
5168,2024-2025,12/29/2024,65+,133,COVID-19,7-co
5190,2024-2025,1/5/2025,0-4,8,COVID-19,7-co
5192,2024-2025,1/5/2025,5-17,2,COVID-19,7-co
5194,2024-2025,1/5/2025,18-49,24,COVID-19,7-co
5196,2024-2025,1/5/2025,50-64,20,COVID-19,7-co
5198,2024-2025,1/5/2025,65+,107,COVID-19,7-co
5220,2024-2025,1/12/2025,0-4,5,COVID-19,7-co
5222,2024-2025,1/12/2025,5-17,1,COVID-19,7-co
5224,2024-2025,1/12/2025,18-49,11,COVID-19,7-co
5226,2024-2025,1/12/2025,50-64,20,COVID-19,7-co
5228,2024-2025,1/12/2025,65+,92,COVID-19,7-co
5250,2024-2025,1/19/2025,0-4,5,COVID-19,7-co
5252,2024-2025,1/19/2025,5-17,0,COVID-19,7-co
5254,2024-2025,1/19/2025,18-49,11,COVID-19,7-co
5256,2024-2025,1/19/2025,50-64,15,COVID-19,7-co
5258,2024-2025,1/19/2025,65+,82,COVID-19,7-co
5280,2024-2025,1/26/2025,0-4,1,COVID-19,7-co
5282,2024-2025,1/26/2025,5-17,4,COVID-19,7-co
5284,2024-2025,1/26/2025,18-49,15,COVID-19,7-co
5286,2024-2025,1/26/2025,50-64,14,COVID-19,7-co
5288,2024-2025,1/26/2025,65+,68,COVID-19,7-co
5310,2024-2025,2/2/2025,0-4,1,COVID-19,7-co
5312,2024-2025,2/2/2025,5-17,0,COVID-19,7-co
5314,2024-2025,2/2/2025,18-49,9,COVID-19,7-co
5316,2024-2025,2/2/2025,50-64,11,COVID-19,7-co
5318,2024-2025,2/2/2025,65+,35,COVID-19,7-co
