County,Age Group,People up to date on influenza vaccinations,People up to date on COVID-19 vaccinations,People up to date,Percent up to date on influenza vaccinations,Percent up to date on COVID-19 vaccinations,Percent up to date,reportedDate,webDate
SIBLEY,0-9,389,29,29,20.9,1.6,1.6,2/15/2025,2/20/2025
PIPESTONE,50-64,393,153,145,23.7,9.2,8.8,2/15/2025,2/20/2025
PINE,20-49,1070,388,368,10.3,3.7,3.6,2/15/2025,2/20/2025
MORRISON,65+,4277,2557,2459,57.2,34.2,32.9,2/15/2025,2/20/2025
PINE,65+,3642,2610,2498,53,38,36.4,2/15/2025,2/20/2025
MORRISON,20-49,1546,467,447,13.5,4.1,3.9,2/15/2025,2/20/2025
GRANT,10-19,79,28,27,9.7,3.5,3.3,2/15/2025,2/20/2025
LAKE,10-19,209,63,60,17.5,5.3,5,2/15/2025,2/20/2025
CHIPPEWA,50-64,565,292,279,26.2,13.5,12.9,2/15/2025,2/20/2025
PIPESTONE,10-19,194,28,28,14.3,2.1,2.1,2/15/2025,2/20/2025
BLUE EARTH,20-49,5184,2468,2322,16.6,7.9,7.4,2/15/2025,2/20/2025
FILLMORE,20-49,1330,546,516,19.1,7.9,7.4,2/15/2025,2/20/2025
ANOKA,10-19,10595,4337,4168,21.4,8.8,8.4,2/15/2025,2/20/2025
RICE,0-9,1675,455,446,22.1,6,5.9,2/15/2025,2/20/2025
JACKSON,0-9,169,<=5,<=5,15.3,0.5,0.5,2/15/2025,2/20/2025
OTTER TAIL,65+,9603,6715,6422,60.8,42.5,40.7,2/15/2025,2/20/2025
MCLEOD,10-19,684,168,161,14.7,3.6,3.5,2/15/2025,2/20/2025
ROSEAU,0-9,212,6,6,11.8,0.3,0.3,2/15/2025,2/20/2025
ST LOUIS,20-49,16999,8952,8443,22.4,11.8,11.1,2/15/2025,2/20/2025
GRANT,50-64,283,167,158,25.8,15.2,14.4,2/15/2025,2/20/2025
REDWOOD,0-9,407,37,36,20,1.8,1.8,2/15/2025,2/20/2025
TODD,0-9,455,40,39,13.7,1.2,1.2,2/15/2025,2/20/2025
MAHNOMEN,0-9,83,<=5,<=5,9.8,0.6,0.6,2/15/2025,2/20/2025
MEEKER,50-64,1039,569,533,22.5,12.3,11.6,2/15/2025,2/20/2025
LAC QUI PARLE,10-19,165,34,34,20.2,4.2,4.2,2/15/2025,2/20/2025
KANABEC,20-49,701,210,195,12.7,3.8,3.5,2/15/2025,2/20/2025
TODD,10-19,342,55,54,9.9,1.6,1.6,2/15/2025,2/20/2025
CHISAGO,20-49,3378,1271,1223,15.7,5.9,5.7,2/15/2025,2/20/2025
HUBBARD,65+,3251,2286,2178,54,38,36.2,2/15/2025,2/20/2025
CLEARWATER,10-19,62,20,20,4.9,1.6,1.6,2/15/2025,2/20/2025
HOUSTON,10-19,514,160,152,22.4,7,6.6,2/15/2025,2/20/2025
RICE,20-49,4577,2458,2311,17.1,9.2,8.6,2/15/2025,2/20/2025
ITASCA,65+,6926,5246,4987,58.5,44.3,42.1,2/15/2025,2/20/2025
RAMSEY,50-64,36008,26976,24999,40.6,30.4,28.2,2/15/2025,2/20/2025
HENNEPIN,20-49,157887,106232,100143,29.7,20,18.8,2/15/2025,2/20/2025
NORMAN,0-9,215,19,19,27.7,2.4,2.4,2/15/2025,2/20/2025
SHERBURNE,0-9,2750,558,548,19.8,4,3.9,2/15/2025,2/20/2025
FARIBAULT,20-49,657,238,224,14.4,5.2,4.9,2/15/2025,2/20/2025
PENNINGTON,0-9,254,24,22,15.8,1.5,1.4,2/15/2025,2/20/2025
GOODHUE,50-64,2756,1810,1695,28.1,18.5,17.3,2/15/2025,2/20/2025
BENTON,10-19,857,318,302,14.8,5.5,5.2,2/15/2025,2/20/2025
CLEARWATER,0-9,70,8,8,6.4,0.7,0.7,2/15/2025,2/20/2025
SCOTT,65+,13346,10005,9582,65.5,49.1,47,2/15/2025,2/20/2025
RAMSEY,10-19,19298,10304,9834,27.6,14.7,14.1,2/15/2025,2/20/2025
AITKIN,20-49,464,167,156,11.9,4.3,4,2/15/2025,2/20/2025
WINONA,10-19,1241,551,537,17.7,7.8,7.6,2/15/2025,2/20/2025
TRAVERSE,20-49,162,51,50,16.7,5.3,5.2,2/15/2025,2/20/2025
CARLTON,20-49,2790,1278,1224,20.4,9.3,8.9,2/15/2025,2/20/2025
WRIGHT,0-9,5030,1048,1025,23.7,4.9,4.8,2/15/2025,2/20/2025
MOWER,65+,4673,3657,3505,62.5,48.9,46.9,2/15/2025,2/20/2025
BENTON,50-64,1971,1130,1057,26.4,15.1,14.2,2/15/2025,2/20/2025
RENVILLE,20-49,657,198,191,13.9,4.2,4,2/15/2025,2/20/2025
ISANTI,50-64,1981,998,933,22.6,11.4,10.7,2/15/2025,2/20/2025
DODGE,50-64,1394,852,815,35.6,21.8,20.8,2/15/2025,2/20/2025
STEARNS,65+,17210,12387,11831,64.4,46.3,44.3,2/15/2025,2/20/2025
MARSHALL,50-64,439,161,147,25.7,9.4,8.6,2/15/2025,2/20/2025
WASECA,65+,2150,1616,1553,57.5,43.2,41.5,2/15/2025,2/20/2025
NORMAN,20-49,335,104,96,16.5,5.1,4.7,2/15/2025,2/20/2025
MEEKER,10-19,294,79,78,9.1,2.4,2.4,2/15/2025,2/20/2025
NOBLES,50-64,1023,343,321,27.8,9.3,8.7,2/15/2025,2/20/2025
LYON,65+,2878,1862,1797,62.4,40.4,38.9,2/15/2025,2/20/2025
CLAY,10-19,2238,814,785,21.9,8,7.7,2/15/2025,2/20/2025
FARIBAULT,65+,1922,1384,1328,56.9,40.9,39.3,2/15/2025,2/20/2025
WATONWAN,20-49,629,152,141,17.4,4.2,3.9,2/15/2025,2/20/2025
BECKER,65+,4911,3502,3342,59.4,42.4,40.4,2/15/2025,2/20/2025
WASHINGTON,0-9,12272,4301,4255,36.1,12.7,12.5,2/15/2025,2/20/2025
ISANTI,10-19,640,202,196,11.4,3.6,3.5,2/15/2025,2/20/2025
MARSHALL,10-19,157,19,18,14.1,1.7,1.6,2/15/2025,2/20/2025
DODGE,10-19,757,222,215,25,7.3,7.1,2/15/2025,2/20/2025
HOUSTON,50-64,1229,639,614,32,16.6,16,2/15/2025,2/20/2025
DAKOTA,50-64,32178,21812,20379,37.9,25.7,24,2/15/2025,2/20/2025
KITTSON,0-9,85,<=5,<=5,19.1,0,0,2/15/2025,2/20/2025
LE SUEUR,20-49,1595,560,526,15.6,5.5,5.1,2/15/2025,2/20/2025
BROWN,0-9,585,65,63,19.9,2.2,2.1,2/15/2025,2/20/2025
POLK,20-49,1950,447,422,18.5,4.2,4,2/15/2025,2/20/2025
CLEARWATER,50-64,284,116,103,17.4,7.1,6.3,2/15/2025,2/20/2025
SHERBURNE,50-64,5067,2856,2681,26.1,14.7,13.8,2/15/2025,2/20/2025
MURRAY,10-19,225,11,10,22.8,1.1,1,2/15/2025,2/20/2025
FREEBORN,65+,4235,3159,3006,58.2,43.4,41.3,2/15/2025,2/20/2025
SHERBURNE,10-19,2003,712,683,13.6,4.8,4.6,2/15/2025,2/20/2025
LAKE OF THE WOODS,10-19,22,<=5,<=5,5.5,1,0.7,2/15/2025,2/20/2025
MCLEOD,50-64,2064,1077,1014,27.9,14.5,13.7,2/15/2025,2/20/2025
ROCK,0-9,326,19,18,30.9,1.8,1.7,2/15/2025,2/20/2025
WINONA,50-64,2898,1680,1598,34.4,19.9,18.9,2/15/2025,2/20/2025
OLMSTED,65+,21155,17669,17111,73.8,61.6,59.7,2/15/2025,2/20/2025
STEVENS,20-49,702,310,274,17.8,7.9,6.9,2/15/2025,2/20/2025
SIBLEY,50-64,744,371,350,24.2,12.1,11.4,2/15/2025,2/20/2025
HUBBARD,10-19,326,102,97,12.1,3.8,3.6,2/15/2025,2/20/2025
BELTRAMI,0-9,1084,245,243,18,4.1,4,2/15/2025,2/20/2025
WADENA,0-9,241,26,26,12,1.3,1.3,2/15/2025,2/20/2025
SHERBURNE,20-49,5804,2370,2251,14.1,5.8,5.5,2/15/2025,2/20/2025
BLUE EARTH,65+,7279,5833,5595,67.7,54.3,52.1,2/15/2025,2/20/2025
CROW WING,65+,10015,7118,6826,58.7,41.7,40,2/15/2025,2/20/2025
WABASHA,50-64,1457,840,799,32.2,18.6,17.7,2/15/2025,2/20/2025
SWIFT,10-19,201,46,42,16.3,3.7,3.4,2/15/2025,2/20/2025
COOK,50-64,396,326,301,33.3,27.4,25.3,2/15/2025,2/20/2025
CASS,20-49,1014,364,343,11.4,4.1,3.9,2/15/2025,2/20/2025
NICOLLET,50-64,2052,1327,1260,35.7,23.1,21.9,2/15/2025,2/20/2025
MORRISON,50-64,1614,711,670,23.6,10.4,9.8,2/15/2025,2/20/2025
STEELE,0-9,1039,195,194,22.6,4.2,4.2,2/15/2025,2/20/2025
POPE,20-49,517,190,172,14.5,5.3,4.8,2/15/2025,2/20/2025
MAHNOMEN,10-19,108,24,21,11.6,2.6,2.3,2/15/2025,2/20/2025
KITTSON,10-19,54,<=5,<=5,10.5,1,1,2/15/2025,2/20/2025
GOODHUE,10-19,1079,380,372,18,6.4,6.2,2/15/2025,2/20/2025
LAKE OF THE WOODS,20-49,140,26,24,13,2.4,2.2,2/15/2025,2/20/2025
ROSEAU,10-19,247,30,26,11.6,1.4,1.2,2/15/2025,2/20/2025
JACKSON,10-19,151,15,14,12.8,1.3,1.2,2/15/2025,2/20/2025
WASECA,20-49,937,343,331,13.2,4.8,4.7,2/15/2025,2/20/2025
MCLEOD,0-9,926,90,90,22.6,2.2,2.2,2/15/2025,2/20/2025
GRANT,65+,770,592,563,52.6,40.4,38.4,2/15/2025,2/20/2025
POPE,65+,1824,1405,1332,61.7,47.5,45,2/15/2025,2/20/2025
PIPESTONE,0-9,234,18,18,17.2,1.3,1.3,2/15/2025,2/20/2025
CARLTON,65+,4729,3840,3657,67.8,55,52.4,2/15/2025,2/20/2025
ANOKA,0-9,13790,3888,3840,29.6,8.3,8.2,2/15/2025,2/20/2025
BLUE EARTH,10-19,1436,468,452,13.5,4.4,4.2,2/15/2025,2/20/2025
SWIFT,65+,1225,914,876,52.1,38.8,37.2,2/15/2025,2/20/2025
CLAY,0-9,2775,616,604,31.4,7,6.8,2/15/2025,2/20/2025
MOWER,10-19,1333,298,277,23.1,5.2,4.8,2/15/2025,2/20/2025
WILKIN,65+,676,509,458,52.7,39.7,35.7,2/15/2025,2/20/2025
BLUE EARTH,50-64,3190,2102,1967,32.1,21.1,19.8,2/15/2025,2/20/2025
LINCOLN,0-9,144,<=5,<=5,21.6,0.1,0.1,2/15/2025,2/20/2025
JACKSON,50-64,457,138,132,23.3,7,6.7,2/15/2025,2/20/2025
STEELE,20-49,2281,1021,958,17.4,7.8,7.3,2/15/2025,2/20/2025
CARVER,10-19,4381,1746,1674,27.5,11,10.5,2/15/2025,2/20/2025
MARTIN,20-49,786,297,280,12.8,4.8,4.6,2/15/2025,2/20/2025
HUBBARD,50-64,1065,529,495,22.6,11.2,10.5,2/15/2025,2/20/2025
MURRAY,0-9,242,8,8,26.7,0.9,0.9,2/15/2025,2/20/2025
ANOKA,50-64,23341,14140,13216,31.9,19.3,18.1,2/15/2025,2/20/2025
PINE,0-9,424,46,46,14.2,1.5,1.5,2/15/2025,2/20/2025
NOBLES,0-9,1112,92,91,31.8,2.6,2.6,2/15/2025,2/20/2025
CLAY,50-64,3206,2004,1808,32.8,20.5,18.5,2/15/2025,2/20/2025
NOBLES,10-19,630,84,82,18.7,2.5,2.4,2/15/2025,2/20/2025
CHIPPEWA,0-9,299,20,20,17.7,1.2,1.2,2/15/2025,2/20/2025
HENNEPIN,65+,139220,119756,112873,68,58.5,55.2,2/15/2025,2/20/2025
YELLOW MEDICINE,65+,1245,797,766,59.2,37.9,36.4,2/15/2025,2/20/2025
BIG STONE,0-9,105,8,7,17.2,1.3,1.1,2/15/2025,2/20/2025
BIG STONE,10-19,72,13,13,11.9,2.1,2.1,2/15/2025,2/20/2025
STEVENS,65+,1085,763,735,62.6,44,42.4,2/15/2025,2/20/2025
OLMSTED,20-49,25003,16791,16314,38.4,25.8,25,2/15/2025,2/20/2025
NICOLLET,10-19,947,371,355,18.4,7.2,6.9,2/15/2025,2/20/2025
RICE,65+,7737,6231,5960,67.5,54.3,52,2/15/2025,2/20/2025
BENTON,0-9,1192,272,267,21.6,4.9,4.8,2/15/2025,2/20/2025
BIG STONE,50-64,257,113,98,25.2,11.1,9.6,2/15/2025,2/20/2025
LE SUEUR,0-9,803,86,83,23.7,2.5,2.4,2/15/2025,2/20/2025
REDWOOD,20-49,819,255,243,16.5,5.1,4.9,2/15/2025,2/20/2025
ROCK,20-49,498,155,139,15,4.7,4.2,2/15/2025,2/20/2025
CARVER,65+,11053,8487,8082,65.6,50.4,48,2/15/2025,2/20/2025
CASS,50-64,1581,864,808,22.4,12.3,11.5,2/15/2025,2/20/2025
WILKIN,10-19,116,34,31,13.9,4.1,3.7,2/15/2025,2/20/2025
GOODHUE,0-9,1453,347,339,26.8,6.4,6.2,2/15/2025,2/20/2025
MARSHALL,65+,1053,563,524,50.4,27,25.1,2/15/2025,2/20/2025
STEARNS,50-64,8174,4768,4494,30.1,17.5,16.5,2/15/2025,2/20/2025
ISANTI,65+,4383,3063,2967,57.8,40.4,39.2,2/15/2025,2/20/2025
KANABEC,0-9,276,32,31,14.7,1.7,1.7,2/15/2025,2/20/2025
DODGE,65+,2032,1552,1497,58.6,44.8,43.2,2/15/2025,2/20/2025
ST LOUIS,65+,28697,23538,22452,65.5,53.8,51.3,2/15/2025,2/20/2025
YELLOW MEDICINE,10-19,180,35,33,14,2.7,2.6,2/15/2025,2/20/2025
MEEKER,65+,2822,2050,1947,55.3,40.1,38.1,2/15/2025,2/20/2025
CASS,0-9,349,37,37,10.9,1.2,1.2,2/15/2025,2/20/2025
BECKER,20-49,1670,577,545,14.7,5.1,4.8,2/15/2025,2/20/2025
WATONWAN,65+,1252,880,824,53.3,37.4,35.1,2/15/2025,2/20/2025
LYON,20-49,1894,402,378,20.9,4.4,4.2,2/15/2025,2/20/2025
WRIGHT,20-49,9376,3887,3690,16.3,6.8,6.4,2/15/2025,2/20/2025
STEARNS,10-19,3738,1302,1270,15.8,5.5,5.4,2/15/2025,2/20/2025
NORMAN,65+,866,624,574,63.1,45.4,41.8,2/15/2025,2/20/2025
DAKOTA,65+,51190,41554,39635,69.5,56.4,53.8,2/15/2025,2/20/2025
KOOCHICHING,65+,1776,1143,1085,52.3,33.7,32,2/15/2025,2/20/2025
RENVILLE,65+,1857,1278,1235,57.8,39.8,38.5,2/15/2025,2/20/2025
ITASCA,50-64,2557,1386,1318,27.4,14.9,14.1,2/15/2025,2/20/2025
MORRISON,10-19,615,165,159,13.5,3.6,3.5,2/15/2025,2/20/2025
POLK,50-64,1565,607,570,28,10.9,10.2,2/15/2025,2/20/2025
SCOTT,0-9,5756,1427,1406,28.8,7.1,7,2/15/2025,2/20/2025
SCOTT,10-19,5147,1961,1898,21.9,8.3,8.1,2/15/2025,2/20/2025
RAMSEY,65+,60982,51618,48796,69.5,58.8,55.6,2/15/2025,2/20/2025
KANDIYOHI,65+,5697,4213,4005,62.1,45.9,43.6,2/15/2025,2/20/2025
ANOKA,20-49,30765,15094,14300,21.4,10.5,10,2/15/2025,2/20/2025
HOUSTON,0-9,635,154,154,32.3,7.8,7.8,2/15/2025,2/20/2025
FREEBORN,50-64,1502,845,780,25.4,14.3,13.2,2/15/2025,2/20/2025
KITTSON,50-64,226,107,101,26.3,12.5,11.8,2/15/2025,2/20/2025
WASECA,0-9,395,60,59,18,2.7,2.7,2/15/2025,2/20/2025
MCLEOD,20-49,2108,817,787,16.1,6.2,6,2/15/2025,2/20/2025
ROSEAU,50-64,974,300,288,29.8,9.2,8.8,2/15/2025,2/20/2025
POLK,0-9,802,56,54,20.3,1.4,1.4,2/15/2025,2/20/2025
BROWN,20-49,1504,412,384,17.3,4.7,4.4,2/15/2025,2/20/2025
SCOTT,50-64,10615,6289,5900,34,20.1,18.9,2/15/2025,2/20/2025
OLMSTED,50-64,13642,9992,9638,48.4,35.4,34.2,2/15/2025,2/20/2025
YELLOW MEDICINE,20-49,489,131,120,15.8,4.2,3.9,2/15/2025,2/20/2025
BIG STONE,20-49,243,75,71,16.6,5.1,4.8,2/15/2025,2/20/2025
FREEBORN,10-19,520,134,124,13.7,3.5,3.3,2/15/2025,2/20/2025
MOWER,50-64,2226,1297,1219,31.3,18.3,17.2,2/15/2025,2/20/2025
KANABEC,10-19,243,64,64,11.9,3.1,3.1,2/15/2025,2/20/2025
CHISAGO,65+,6337,4852,4635,61.1,46.8,44.7,2/15/2025,2/20/2025
TODD,20-49,1096,273,259,14.1,3.5,3.3,2/15/2025,2/20/2025
WABASHA,65+,3292,2265,2162,62.7,43.2,41.2,2/15/2025,2/20/2025
NICOLLET,65+,4126,3276,3104,66,52.4,49.6,2/15/2025,2/20/2025
KANDIYOHI,0-9,1408,207,204,24.7,3.6,3.6,2/15/2025,2/20/2025
HOUSTON,20-49,1431,516,500,23.9,8.6,8.4,2/15/2025,2/20/2025
RICE,10-19,1511,716,686,15.3,7.3,7,2/15/2025,2/20/2025
AITKIN,50-64,923,520,487,23.5,13.3,12.4,2/15/2025,2/20/2025
BROWN,65+,3726,2581,2471,64.4,44.6,42.7,2/15/2025,2/20/2025
HENNEPIN,10-19,43056,23011,22025,28.3,15.1,14.5,2/15/2025,2/20/2025
YELLOW MEDICINE,50-64,456,209,195,24.8,11.4,10.6,2/15/2025,2/20/2025
LAKE,0-9,237,63,62,23.3,6.2,6.1,2/15/2025,2/20/2025
SIBLEY,10-19,239,51,49,12.4,2.6,2.5,2/15/2025,2/20/2025
RED LAKE,65+,490,283,275,53.4,30.9,30,2/15/2025,2/20/2025
COOK,0-9,117,68,66,26.2,15.2,14.8,2/15/2025,2/20/2025
WASHINGTON,50-64,20891,13959,13081,38.1,25.4,23.8,2/15/2025,2/20/2025
MILLE LACS,0-9,453,40,38,13.8,1.2,1.2,2/15/2025,2/20/2025
MILLE LACS,65+,2890,2073,1956,56.3,40.4,38.1,2/15/2025,2/20/2025
AITKIN,10-19,142,29,26,9.1,1.9,1.7,2/15/2025,2/20/2025
RAMSEY,20-49,62605,41926,39563,28.1,18.8,17.8,2/15/2025,2/20/2025
AITKIN,0-9,164,16,16,14.8,1.4,1.4,2/15/2025,2/20/2025
FILLMORE,65+,3304,2347,2270,68,48.3,46.7,2/15/2025,2/20/2025
WINONA,20-49,3745,1728,1663,18.5,8.6,8.2,2/15/2025,2/20/2025
TRAVERSE,10-19,46,6,6,12.3,1.6,1.6,2/15/2025,2/20/2025
DAKOTA,20-49,43235,24901,23440,25.1,14.4,13.6,2/15/2025,2/20/2025
SWIFT,50-64,475,266,246,26.3,14.7,13.6,2/15/2025,2/20/2025
COOK,10-19,78,59,54,18.1,13.7,12.5,2/15/2025,2/20/2025
CARLTON,10-19,910,362,353,18.9,7.5,7.3,2/15/2025,2/20/2025
BELTRAMI,65+,5182,3730,3558,62,44.6,42.6,2/15/2025,2/20/2025
WADENA,65+,1753,1115,1083,60.7,38.6,37.5,2/15/2025,2/20/2025
WILKIN,50-64,290,130,125,21.7,9.7,9.4,2/15/2025,2/20/2025
BELTRAMI,20-49,3203,1240,1182,18.3,7.1,6.8,2/15/2025,2/20/2025
WADENA,20-49,665,164,153,14.3,3.5,3.3,2/15/2025,2/20/2025
LINCOLN,10-19,150,12,10,20.4,1.6,1.4,2/15/2025,2/20/2025
JACKSON,65+,1200,715,646,50,29.8,26.9,2/15/2025,2/20/2025
WINONA,65+,6608,4941,4765,68.5,51.2,49.4,2/15/2025,2/20/2025
NORMAN,10-19,119,19,19,14.1,2.3,2.3,2/15/2025,2/20/2025
MEEKER,20-49,1002,351,339,13,4.6,4.4,2/15/2025,2/20/2025
WASHINGTON,20-49,26201,14375,13647,25.3,13.9,13.2,2/15/2025,2/20/2025
SIBLEY,65+,1605,1101,1050,53.6,36.7,35,2/15/2025,2/20/2025
RED LAKE,10-19,46,<=5,<=5,8.9,0.6,0.6,2/15/2025,2/20/2025
MAHNOMEN,50-64,269,123,113,29.2,13.4,12.3,2/15/2025,2/20/2025
DOUGLAS,20-49,2033,767,722,15.6,5.9,5.5,2/15/2025,2/20/2025
PENNINGTON,10-19,212,45,45,11.8,2.5,2.5,2/15/2025,2/20/2025
CLAY,20-49,5632,2546,2299,20.2,9.1,8.2,2/15/2025,2/20/2025
MARSHALL,20-49,438,81,75,15.6,2.9,2.7,2/15/2025,2/20/2025
DODGE,20-49,1864,950,925,23.4,11.9,11.6,2/15/2025,2/20/2025
ISANTI,20-49,2031,641,612,12.7,4,3.8,2/15/2025,2/20/2025
STEVENS,50-64,347,208,179,27.2,16.3,14.1,2/15/2025,2/20/2025
RICE,50-64,4019,2594,2447,32.6,21.1,19.9,2/15/2025,2/20/2025
LAC QUI PARLE,65+,1102,786,758,59,42.1,40.6,2/15/2025,2/20/2025
ITASCA,0-9,1018,137,134,21.7,2.9,2.9,2/15/2025,2/20/2025
ITASCA,10-19,825,193,189,15.5,3.6,3.5,2/15/2025,2/20/2025
REDWOOD,65+,1838,1206,1159,54.6,35.8,34.4,2/15/2025,2/20/2025
POLK,10-19,569,87,78,13.3,2,1.8,2/15/2025,2/20/2025
TODD,65+,2982,2008,1915,48.5,32.7,31.2,2/15/2025,2/20/2025
WABASHA,20-49,1378,588,560,20.3,8.7,8.3,2/15/2025,2/20/2025
CARVER,50-64,7847,4984,4670,35,22.3,20.8,2/15/2025,2/20/2025
SWIFT,0-9,238,32,28,20.1,2.7,2.4,2/15/2025,2/20/2025
DOUGLAS,0-9,818,110,106,17.9,2.4,2.3,2/15/2025,2/20/2025
WILKIN,0-9,135,16,14,18.6,2.2,1.9,2/15/2025,2/20/2025
TRAVERSE,50-64,133,84,75,21.8,13.8,12.3,2/15/2025,2/20/2025
POPE,50-64,548,353,320,25,16.1,14.6,2/15/2025,2/20/2025
WASHINGTON,10-19,10356,4711,4551,27,12.3,11.9,2/15/2025,2/20/2025
MURRAY,65+,1293,744,715,59.2,34.1,32.7,2/15/2025,2/20/2025
CARLTON,50-64,2564,1615,1555,35,22,21.2,2/15/2025,2/20/2025
MARTIN,65+,2609,1775,1701,53.7,36.5,35,2/15/2025,2/20/2025
WATONWAN,50-64,461,217,199,23.9,11.3,10.3,2/15/2025,2/20/2025
CHIPPEWA,20-49,570,216,206,14.1,5.4,5.1,2/15/2025,2/20/2025
STEARNS,0-9,4928,1045,1032,23.9,5.1,5,2/15/2025,2/20/2025
KANABEC,50-64,746,401,375,21.4,11.5,10.8,2/15/2025,2/20/2025
NORMAN,50-64,374,153,146,28.8,11.8,11.2,2/15/2025,2/20/2025
TRAVERSE,0-9,91,7,6,25.9,2,1.7,2/15/2025,2/20/2025
SWIFT,20-49,528,172,158,16.8,5.5,5,2/15/2025,2/20/2025
CASS,10-19,360,84,83,9.9,2.3,2.3,2/15/2025,2/20/2025
LE SUEUR,50-64,1593,909,846,26,14.8,13.8,2/15/2025,2/20/2025
PINE,10-19,317,93,89,9.4,2.8,2.6,2/15/2025,2/20/2025
COTTONWOOD,10-19,243,31,30,15.5,2,1.9,2/15/2025,2/20/2025
LYON,0-9,884,39,39,24.9,1.1,1.1,2/15/2025,2/20/2025
GRANT,20-49,235,74,65,11.6,3.7,3.2,2/15/2025,2/20/2025
LAKE,20-49,539,230,221,16.5,7,6.8,2/15/2025,2/20/2025
HENNEPIN,50-64,88701,67521,62623,39.9,30.3,28.1,2/15/2025,2/20/2025
OTTER TAIL,20-49,3106,1027,969,17,5.6,5.3,2/15/2025,2/20/2025
CARVER,0-9,5492,1704,1675,38.6,12,11.8,2/15/2025,2/20/2025
PENNINGTON,50-64,774,331,309,30.4,13,12.1,2/15/2025,2/20/2025
FILLMORE,10-19,533,150,142,18.1,5.1,4.8,2/15/2025,2/20/2025
DOUGLAS,50-64,2054,1094,1048,26.9,14.3,13.7,2/15/2025,2/20/2025
MAHNOMEN,20-49,251,73,69,15.4,4.5,4.2,2/15/2025,2/20/2025
MOWER,0-9,1719,228,223,32.5,4.3,4.2,2/15/2025,2/20/2025
WRIGHT,65+,12919,9351,8983,60.8,44,42.3,2/15/2025,2/20/2025
LAKE OF THE WOODS,50-64,188,64,58,21.7,7.4,6.7,2/15/2025,2/20/2025
WASHINGTON,65+,34192,27799,26588,71.1,57.8,55.3,2/15/2025,2/20/2025
GOODHUE,20-49,2997,1552,1468,18,9.3,8.8,2/15/2025,2/20/2025
KITTSON,65+,650,441,416,60.5,41.1,38.7,2/15/2025,2/20/2025
ROSEAU,20-49,839,165,151,16.8,3.3,3,2/15/2025,2/20/2025
ST LOUIS,0-9,5414,1856,1810,28.1,9.6,9.4,2/15/2025,2/20/2025
ST LOUIS,10-19,4577,2188,2095,18.5,8.9,8.5,2/15/2025,2/20/2025
FARIBAULT,10-19,214,47,45,12.2,2.7,2.6,2/15/2025,2/20/2025
LAKE OF THE WOODS,65+,509,267,253,48.8,25.6,24.3,2/15/2025,2/20/2025
CASS,65+,4895,3426,3287,56.5,39.6,37.9,2/15/2025,2/20/2025
MEEKER,0-9,442,62,62,15.6,2.2,2.2,2/15/2025,2/20/2025
BECKER,0-9,721,77,77,17.8,1.9,1.9,2/15/2025,2/20/2025
FREEBORN,0-9,738,91,87,21.5,2.6,2.5,2/15/2025,2/20/2025
LINCOLN,50-64,295,121,113,27.6,11.3,10.6,2/15/2025,2/20/2025
ST LOUIS,50-64,12825,8475,7962,34.6,22.9,21.5,2/15/2025,2/20/2025
CARVER,20-49,10212,5255,4986,24.5,12.6,12,2/15/2025,2/20/2025
STEELE,10-19,923,337,330,17.5,6.4,6.3,2/15/2025,2/20/2025
COTTONWOOD,65+,1399,802,742,53.4,30.6,28.3,2/15/2025,2/20/2025
LAC QUI PARLE,0-9,243,37,37,32.7,5,5,2/15/2025,2/20/2025
ROCK,65+,1121,810,755,56.4,40.7,38,2/15/2025,2/20/2025
CHISAGO,10-19,1014,339,324,13.9,4.6,4.4,2/15/2025,2/20/2025
NOBLES,20-49,1455,237,227,19.8,3.2,3.1,2/15/2025,2/20/2025
OLMSTED,10-19,8161,3281,3183,37.5,15.1,14.6,2/15/2025,2/20/2025
RENVILLE,50-64,725,357,332,26,12.8,11.9,2/15/2025,2/20/2025
KANDIYOHI,10-19,1066,292,281,18.2,5,4.8,2/15/2025,2/20/2025
BENTON,20-49,2543,1117,1048,15.2,6.7,6.3,2/15/2025,2/20/2025
MORRISON,0-9,736,84,83,18.6,2.1,2.1,2/15/2025,2/20/2025
POLK,65+,3328,1977,1842,55.2,32.8,30.6,2/15/2025,2/20/2025
FILLMORE,50-64,1262,710,672,31.1,17.5,16.5,2/15/2025,2/20/2025
KANDIYOHI,50-64,2387,1364,1303,30.2,17.3,16.5,2/15/2025,2/20/2025
CLEARWATER,20-49,333,80,76,11.8,2.8,2.7,2/15/2025,2/20/2025
ROCK,10-19,378,45,43,26.4,3.1,3,2/15/2025,2/20/2025
STEELE,65+,4445,3478,3337,61,47.7,45.8,2/15/2025,2/20/2025
COTTONWOOD,50-64,512,194,178,25.7,9.8,8.9,2/15/2025,2/20/2025
WILKIN,20-49,271,83,74,12.7,3.9,3.5,2/15/2025,2/20/2025
WADENA,50-64,630,295,276,24.2,11.4,10.6,2/15/2025,2/20/2025
BELTRAMI,50-64,2378,1376,1275,31.4,18.1,16.8,2/15/2025,2/20/2025
RENVILLE,10-19,279,67,65,14.7,3.5,3.4,2/15/2025,2/20/2025
ROSEAU,65+,1723,897,870,56.5,29.4,28.6,2/15/2025,2/20/2025
POPE,0-9,166,10,10,12.7,0.8,0.8,2/15/2025,2/20/2025
MAHNOMEN,65+,605,342,325,63.4,35.8,34.1,2/15/2025,2/20/2025
FARIBAULT,50-64,637,350,333,24.2,13.3,12.7,2/15/2025,2/20/2025
BECKER,10-19,559,140,133,11.6,2.9,2.8,2/15/2025,2/20/2025
OTTER TAIL,0-9,1177,139,137,17.2,2,2,2/15/2025,2/20/2025
WATONWAN,10-19,254,45,44,16,2.8,2.8,2/15/2025,2/20/2025
LAKE,65+,1782,1563,1426,57.9,50.7,46.3,2/15/2025,2/20/2025
STEARNS,20-49,9997,4528,4294,15.9,7.2,6.8,2/15/2025,2/20/2025
CHISAGO,50-64,3398,1946,1812,27.3,15.6,14.5,2/15/2025,2/20/2025
PENNINGTON,65+,1583,986,944,57.9,36,34.5,2/15/2025,2/20/2025
RED LAKE,0-9,83,<=5,<=5,16.4,0.2,0.2,2/15/2025,2/20/2025
PIPESTONE,65+,1098,732,695,55.9,37.3,35.4,2/15/2025,2/20/2025
HUBBARD,0-9,307,52,52,13.3,2.3,2.3,2/15/2025,2/20/2025
LE SUEUR,10-19,603,153,143,15.3,3.9,3.6,2/15/2025,2/20/2025
PINE,50-64,1440,818,768,21.7,12.3,11.6,2/15/2025,2/20/2025
REDWOOD,50-64,794,355,335,28.4,12.7,12,2/15/2025,2/20/2025
GRANT,0-9,94,10,10,12.7,1.3,1.3,2/15/2025,2/20/2025
BROWN,50-64,1400,616,582,29.3,12.9,12.2,2/15/2025,2/20/2025
SCOTT,20-49,13159,6403,6054,21.7,10.5,10,2/15/2025,2/20/2025
MILLE LACS,50-64,1168,641,605,20.5,11.3,10.6,2/15/2025,2/20/2025
AITKIN,65+,3119,2254,2153,55.6,40.2,38.4,2/15/2025,2/20/2025
CHIPPEWA,65+,1723,1231,1175,63.9,45.7,43.6,2/15/2025,2/20/2025
TODD,50-64,1088,481,449,21.9,9.7,9,2/15/2025,2/20/2025
STEVENS,0-9,323,68,64,27.4,5.8,5.4,2/15/2025,2/20/2025
MILLE LACS,10-19,354,90,86,9.8,2.5,2.4,2/15/2025,2/20/2025
MURRAY,20-49,444,63,57,18.2,2.6,2.3,2/15/2025,2/20/2025
RED LAKE,50-64,180,65,63,25.3,9.1,8.8,2/15/2025,2/20/2025
BENTON,65+,3701,2615,2503,61,43.1,41.2,2/15/2025,2/20/2025
LAC QUI PARLE,20-49,436,142,138,22.3,7.3,7.1,2/15/2025,2/20/2025
BIG STONE,65+,828,530,500,59,37.8,35.6,2/15/2025,2/20/2025
YELLOW MEDICINE,0-9,205,12,12,17.8,1,1,2/15/2025,2/20/2025
BROWN,10-19,502,85,83,14.6,2.5,2.4,2/15/2025,2/20/2025
STEVENS,10-19,242,89,87,15.1,5.6,5.4,2/15/2025,2/20/2025
CROW WING,0-9,1048,164,164,14.8,2.3,2.3,2/15/2025,2/20/2025
HUBBARD,20-49,871,270,254,13.6,4.2,4,2/15/2025,2/20/2025
MARTIN,50-64,884,467,441,23.8,12.6,11.9,2/15/2025,2/20/2025
NOBLES,65+,2225,1299,1241,58.3,34.1,32.5,2/15/2025,2/20/2025
LYON,50-64,1358,542,525,32.2,12.9,12.5,2/15/2025,2/20/2025
FREEBORN,20-49,1446,554,527,14.3,5.5,5.2,2/15/2025,2/20/2025
HENNEPIN,0-9,58292,25422,25034,39.5,17.2,16.9,2/15/2025,2/20/2025
CLEARWATER,65+,850,504,450,46.4,27.5,24.5,2/15/2025,2/20/2025
KANABEC,65+,2078,1486,1427,56.6,40.5,38.9,2/15/2025,2/20/2025
KANDIYOHI,20-49,2803,1167,1099,18.5,7.7,7.2,2/15/2025,2/20/2025
MARSHALL,0-9,198,13,9,18.3,1.2,0.8,2/15/2025,2/20/2025
DODGE,0-9,747,190,187,27.6,7,6.9,2/15/2025,2/20/2025
ISANTI,0-9,828,119,116,15.9,2.3,2.2,2/15/2025,2/20/2025
KOOCHICHING,0-9,173,16,16,16.6,1.5,1.5,2/15/2025,2/20/2025
LE SUEUR,65+,3582,2645,2530,64.3,47.4,45.4,2/15/2025,2/20/2025
WATONWAN,0-9,446,26,26,27.7,1.6,1.6,2/15/2025,2/20/2025
LAKE OF THE WOODS,0-9,22,<=5,<=5,5.7,0.8,0.8,2/15/2025,2/20/2025
POPE,10-19,155,49,48,11.2,3.5,3.5,2/15/2025,2/20/2025
MILLE LACS,20-49,1055,365,342,10.8,3.7,3.5,2/15/2025,2/20/2025
DOUGLAS,65+,6377,4682,4502,63.9,46.9,45.1,2/15/2025,2/20/2025
SIBLEY,20-49,768,233,222,14.7,4.5,4.2,2/15/2025,2/20/2025
KITTSON,20-49,191,48,45,16.3,4.1,3.8,2/15/2025,2/20/2025
GOODHUE,65+,6522,5249,5001,63.9,51.4,49,2/15/2025,2/20/2025
RENVILLE,0-9,389,24,24,22.6,1.4,1.4,2/15/2025,2/20/2025
COTTONWOOD,20-49,579,130,115,16,3.6,3.2,2/15/2025,2/20/2025
JACKSON,20-49,469,72,66,14.3,2.2,2,2/15/2025,2/20/2025
WASECA,10-19,332,102,95,13.3,4.1,3.8,2/15/2025,2/20/2025
RAMSEY,0-9,24093,10231,10081,35.9,15.3,15,2/15/2025,2/20/2025
KOOCHICHING,50-64,657,267,251,25.3,10.3,9.7,2/15/2025,2/20/2025
MARTIN,0-9,303,27,27,12.7,1.1,1.1,2/15/2025,2/20/2025
DAKOTA,10-19,14648,6916,6586,24.4,11.5,11,2/15/2025,2/20/2025
COOK,20-49,422,317,295,24.1,18.1,16.9,2/15/2025,2/20/2025
PIPESTONE,20-49,446,93,87,15.3,3.2,3,2/15/2025,2/20/2025
MOWER,20-49,2681,1147,1090,18.6,7.9,7.6,2/15/2025,2/20/2025
BLUE EARTH,0-9,1764,407,403,24.1,5.6,5.5,2/15/2025,2/20/2025
WADENA,10-19,178,33,32,8.5,1.6,1.5,2/15/2025,2/20/2025
BELTRAMI,10-19,1069,434,410,14.8,6,5.7,2/15/2025,2/20/2025
KOOCHICHING,10-19,164,37,36,13.1,3,2.9,2/15/2025,2/20/2025
LINCOLN,20-49,297,41,35,17.4,2.4,2.1,2/15/2025,2/20/2025
WASECA,50-64,921,508,484,26.5,14.6,13.9,2/15/2025,2/20/2025
TRAVERSE,65+,434,297,279,52,35.6,33.5,2/15/2025,2/20/2025
OLMSTED,0-9,8788,2987,2961,42,14.3,14.1,2/15/2025,2/20/2025
CROW WING,50-64,3528,1851,1739,24.9,13,12.3,2/15/2025,2/20/2025
MARTIN,10-19,184,55,51,7.2,2.2,2,2/15/2025,2/20/2025
DAKOTA,0-9,17758,6303,6174,31.6,11.2,11,2/15/2025,2/20/2025
MURRAY,50-64,445,156,152,29,10.2,9.9,2/15/2025,2/20/2025
RED LAKE,20-49,191,35,34,15.2,2.8,2.7,2/15/2025,2/20/2025
DOUGLAS,10-19,630,175,169,13.4,3.7,3.6,2/15/2025,2/20/2025
CROW WING,10-19,907,283,273,11.4,3.5,3.4,2/15/2025,2/20/2025
BECKER,50-64,1775,970,903,26,14.2,13.2,2/15/2025,2/20/2025
CHISAGO,0-9,1381,265,264,20.1,3.8,3.8,2/15/2025,2/20/2025
NICOLLET,20-49,2748,1327,1268,20.4,9.8,9.4,2/15/2025,2/20/2025
HOUSTON,65+,2948,2179,2086,65.5,48.4,46.4,2/15/2025,2/20/2025
ITASCA,20-49,2364,808,763,16.7,5.7,5.4,2/15/2025,2/20/2025
CROW WING,20-49,3150,1089,1027,14.3,4.9,4.7,2/15/2025,2/20/2025
REDWOOD,10-19,293,57,54,13.7,2.7,2.5,2/15/2025,2/20/2025
SHERBURNE,65+,8387,6196,5930,64.3,47.5,45.5,2/15/2025,2/20/2025
WABASHA,10-19,497,181,176,18.5,6.8,6.6,2/15/2025,2/20/2025
STEELE,50-64,1927,1174,1079,27,16.5,15.1,2/15/2025,2/20/2025
LAC QUI PARLE,50-64,366,193,188,29.4,15.5,15.1,2/15/2025,2/20/2025
WRIGHT,50-64,7289,4117,3872,25.8,14.6,13.7,2/15/2025,2/20/2025
KOOCHICHING,20-49,540,134,130,15.6,3.9,3.7,2/15/2025,2/20/2025
MCLEOD,65+,4577,3243,3092,60.7,43,41,2/15/2025,2/20/2025
PENNINGTON,20-49,856,262,236,17,5.2,4.7,2/15/2025,2/20/2025
FARIBAULT,0-9,306,30,30,19.8,1.9,1.9,2/15/2025,2/20/2025
OTTER TAIL,50-64,3299,1739,1628,26.8,14.2,13.2,2/15/2025,2/20/2025
WABASHA,0-9,567,120,119,23.1,4.9,4.9,2/15/2025,2/20/2025
FILLMORE,0-9,568,87,87,21,3.2,3.2,2/15/2025,2/20/2025
NICOLLET,0-9,1049,220,218,29,6.1,6,2/15/2025,2/20/2025
OTTER TAIL,10-19,1057,260,249,14.2,3.5,3.3,2/15/2025,2/20/2025
CARLTON,0-9,1084,272,267,27.1,6.8,6.7,2/15/2025,2/20/2025
ANOKA,65+,36937,28518,27261,62,47.9,45.8,2/15/2025,2/20/2025
LYON,10-19,710,76,72,17.9,1.9,1.8,2/15/2025,2/20/2025
CLAY,65+,6060,4770,4443,63.6,50,46.6,2/15/2025,2/20/2025
WRIGHT,10-19,3508,1197,1169,15.2,5.2,5.1,2/15/2025,2/20/2025
LAKE,50-64,635,394,375,27.7,17.2,16.4,2/15/2025,2/20/2025
CHIPPEWA,10-19,194,57,55,12.1,3.5,3.4,2/15/2025,2/20/2025
LINCOLN,65+,790,500,478,58.8,37.2,35.6,2/15/2025,2/20/2025
ROCK,50-64,362,171,150,20.6,9.7,8.5,2/15/2025,2/20/2025
WINONA,0-9,1324,415,411,30,9.4,9.3,2/15/2025,2/20/2025
COOK,65+,1119,1005,951,61.5,55.2,52.3,2/15/2025,2/20/2025
COTTONWOOD,0-9,307,6,6,20.2,0.4,0.4,2/15/2025,2/20/2025
